Date,SPY,QQQ,IWM,DIA,VTV,VUG,MDY,EFA,VEA,IEV,EWJ,EWU,EEM,VWO,FXI,EWZ,INDA,AGG,BND,IEF,TLT,SHY,LQD,VCIT,VCSH,HYG,JNK,SJNK,GLD,SLV,DBC,USO,PDBC,VNQ,IYR,SCHH,IGF,PAVE,UUP,BIL,SHV
2024-07-11,543.6108,486.8245,206.1561,385.4763,156.4897,63.371,534.1154,75.6883,48.0852,53.2959,66.4937,33.2171,42.3465,42.8852,25.6995,25.9966,56.4814,90.7826,67.3944,87.8432,85.7902,75.8662,99.5093,73.7301,71.2704,69.2082,83.2341,21.7327,223.25,28.68,21.4724,80.94,12.9849,80.4469,86.6864,19.4531,46.7278,37.3084,26.6371,84.2442,101.4064
2024-07-12,547.0397,489.6845,208.5633,388.0841,157.3805,63.7557,539.4195,76.4947,48.5661,53.9215,66.8589,33.4492,42.5185,43.0836,25.9666,26.1762,56.6601,91.0324,67.5703,88.0286,86.1571,75.9775,99.8753,73.9488,71.3988,69.3861,83.4883,21.7847,223.11,28.12,21.3897,80.25,12.9389,81.0586,87.4113,19.6133,47.0941,37.7224,26.5446,84.281,101.4617
2024-07-15,548.5441,491.0007,212.5263,390.0617,157.984,63.9143,542.3597,75.8196,48.1984,53.3243,66.5405,33.1614,42.0695,42.6395,25.3847,26.1582,56.7494,90.7178,67.3573,87.7505,85.1665,75.9775,99.3263,73.6936,71.3529,69.395,83.4883,21.7847,223.83,28.03,21.2336,80.12,12.8652,81.6054,87.8119,19.7264,46.4837,38.1068,26.5909,84.2994,101.48
2024-07-16,551.797,491.1887,219.7772,397.1385,160.1967,63.9027,555.7324,76.1853,48.4813,53.476,67.3271,33.2542,42.3083,42.9135,25.3847,26.2121,56.948,91.0879,67.6166,88.1399,86.368,76.0053,99.9027,73.9579,71.4171,69.662,83.8215,21.8541,228.29,28.61,21.1785,79.06,12.8007,82.6064,88.8898,19.9338,46.7748,39.2601,26.5909,84.2994,101.4893
2024-07-17,544.0602,476.7699,217.4776,399.3392,160.5703,62.1556,547.6052,75.7821,48.2078,53.2105,66.9338,33.3749,41.6205,42.2898,25.0412,26.0415,56.6799,91.1527,67.6814,88.214,86.3863,76.0146,99.9484,73.9944,71.4263,69.5819,83.7251,21.8454,227.23,27.67,21.1785,80.62,12.8284,83.1718,89.4716,20.1129,46.7842,38.4124,26.4706,84.327,101.4985
2024-07-18,539.8792,474.5135,213.27,394.2885,159.2676,61.6585,541.5295,75.0319,47.7363,52.7176,65.9225,33.0592,41.2289,41.9213,24.8123,25.2154,56.7395,90.9028,67.5055,87.9637,85.726,75.9775,99.5185,73.7665,71.3437,69.4395,83.5322,21.8107,225.78,27.2,21.0224,79.9,12.7547,82.4396,88.8039,19.9432,46.5682,38.166,26.5909,84.3362,101.5169
2024-07-19,536.294,470.3077,212.1838,390.82,158.1181,61.2886,537.8956,74.5725,47.4534,52.4048,65.5105,32.9664,40.8277,41.5149,24.631,25.1435,55.7765,90.7178,67.3295,87.6856,85.2216,75.9404,99.1525,73.5843,71.307,69.3861,83.4621,21.7934,221.73,26.69,20.7377,78.0,12.5797,82.2913,88.6227,19.8961,46.5682,37.8703,26.6649,84.3638,101.5721
2024-07-22,541.8232,477.3142,215.5597,391.9839,158.8844,62.2414,544.3622,75.3601,47.9154,53.1631,65.8288,33.2078,41.1715,41.8362,25.1462,25.368,56.2232,90.6808,67.3018,87.6021,84.9739,75.9497,99.0976,73.6116,71.3162,69.6442,83.7513,21.8628,221.8,26.63,20.7928,77.62,12.5797,83.1439,89.4812,20.1034,46.972,38.4912,26.6464,84.3822,101.5813
2024-07-23,540.9734,475.6319,217.8495,391.3439,158.3001,62.2348,545.3488,74.9382,47.6703,52.746,65.7726,32.9385,40.8085,41.4015,24.7932,24.9999,55.3496,90.6715,67.311,87.6671,84.8547,75.9868,99.0244,73.6116,71.3345,69.6531,83.7864,21.8714,222.58,26.68,20.5999,76.62,12.4876,83.0791,89.3667,20.094,46.6621,38.6884,26.6926,84.3822,101.5997
2024-07-24,528.7135,458.5708,213.1721,386.669,157.3231,59.9213,534.8773,73.9911,47.0761,52.2341,64.4804,32.79,40.2163,40.9668,24.5166,24.7305,55.0616,90.394,67.1166,87.4724,83.9376,76.0238,98.4206,73.3656,71.3437,69.4306,83.4883,21.8107,221.8,26.43,20.5907,76.81,12.46,81.8557,87.9454,19.7736,46.6245,37.3676,26.6834,84.4098,101.6089
2024-07-25,525.9587,453.5138,215.8337,387.4641,157.8786,59.231,539.3804,73.5223,46.7838,52.054,63.4691,32.9664,40.0539,40.8628,24.2208,24.6586,55.3694,90.6438,67.2647,87.6671,84.6254,76.0331,98.814,73.5387,71.3713,69.4395,83.5234,21.8107,218.33,25.41,20.6366,77.46,12.4876,81.5869,87.6498,19.6605,46.3052,37.9393,26.6834,84.4098,101.6181
2024-07-26,531.8493,458.1651,219.4053,393.7492,159.8806,59.733,548.6407,74.46,47.3968,52.7555,64.3212,33.4399,40.4647,41.3165,24.3448,24.9101,56.4119,90.9676,67.5332,88.0843,85.2858,76.1351,99.3629,73.8577,71.5089,69.662,83.7513,21.8541,220.63,25.48,20.4254,76.11,12.3771,83.0142,89.1283,19.9903,46.709,38.7771,26.6649,84.4558,101.6733
2024-07-29,532.1619,459.0854,216.9688,393.3031,159.6411,59.9031,547.5174,74.1318,47.2082,52.3953,64.471,33.3192,40.3309,41.1747,24.383,24.928,56.4317,91.1156,67.6166,88.2326,85.7443,76.1443,99.5734,73.9761,71.5731,69.5997,83.6724,21.8454,220.32,25.44,20.3336,75.19,12.2942,83.4405,89.7005,20.094,46.587,38.6785,26.7389,84.4558,101.6917
2024-07-30,529.4657,452.7815,217.7908,395.1458,160.0339,59.2013,549.8324,74.3006,47.3119,52.5564,64.5553,33.3006,40.1494,41.0613,24.1636,24.7933,56.4516,91.2082,67.6999,88.418,86.0745,76.1721,99.6557,74.0582,71.6098,69.6353,83.69,21.8628,222.52,25.83,20.2693,74.46,12.2482,84.0893,90.311,20.2448,46.9438,38.7574,26.7574,84.465,101.7009
2024-07-31,538.072,466.181,219.0531,396.1934,160.9343,60.6545,552.968,75.3508,48.0098,53.0115,66.4562,33.6627,41.0283,41.8551,24.4975,24.937,57.0076,91.6985,68.0702,89.067,86.955,76.3297,100.232,74.4409,71.7657,69.8844,84.0143,21.9321,226.55,26.39,20.7377,77.74,12.5245,83.7927,90.0726,20.16,47.0189,39.3882,26.6094,84.4834,101.7101
2024-08-01,530.4523,454.8894,211.9294,391.0916,159.2101,59.6587,540.621,73.3535,46.7838,51.9971,63.2537,33.1057,40.3118,41.1653,24.1541,24.5778,56.3821,92.0828,68.3247,89.4473,87.705,76.4618,100.5644,74.6796,71.901,69.7315,83.816,21.878,225.77,26.03,20.4897,76.29,12.3863,84.6361,91.1123,20.4427,47.0189,38.2547,26.7019,84.5038,101.736
2024-08-02,520.5762,444.0927,204.4339,385.1754,156.7771,58.3954,525.3436,72.2002,45.9634,51.58,60.5382,32.9293,39.7387,40.7211,24.0396,24.4072,55.8559,93.1129,69.1048,90.8329,90.438,76.8896,101.5468,75.3107,72.26,69.4989,83.5516,21.8257,225.34,26.04,20.1132,73.39,12.1745,84.5898,91.1981,20.471,46.9063,36.8846,26.4336,84.55,101.8284
2024-08-05,505.4152,430.8515,197.8582,375.1661,153.2233,56.3246,511.6973,70.6249,44.8883,50.4803,59.3958,32.0102,38.6115,39.5965,23.8774,24.1288,54.466,93.0387,69.0398,90.9259,90.9165,76.8711,101.2898,75.1278,72.1496,69.0696,83.0227,21.6687,222.48,24.86,20.0764,73.22,12.1561,82.1708,88.6132,19.8961,45.8545,36.0664,26.2855,84.55,101.8284
2024-08-06,510.0748,434.9683,200.0109,378.2211,154.4781,57.0463,516.8549,70.7468,44.9637,50.5751,59.1055,32.1123,38.8312,39.8706,23.6389,24.6676,54.6744,92.4818,68.6126,90.1169,88.8828,76.7781,100.6287,74.7711,72.0391,69.329,83.3489,21.7733,220.7,24.64,19.9111,72.45,12.0364,83.7927,90.4636,20.3202,46.1456,36.4607,26.3688,84.5685,101.8284
2024-08-07,506.6655,430.2577,197.6429,376.0971,153.5873,56.5063,513.1627,71.0844,45.1807,50.6889,60.0887,32.233,39.07,40.1824,23.7439,25.0358,54.8631,92.2034,68.4454,89.7914,88.2571,76.7315,100.1696,74.5515,71.9839,69.4631,83.4722,21.7995,220.55,24.33,20.0948,74.69,12.1653,83.2181,89.6719,20.1788,46.4743,35.9876,26.4243,84.587,101.8469
2024-08-08,518.3783,443.4198,202.4475,382.6439,156.2215,58.2022,524.3861,72.2752,45.9539,51.4283,61.3622,32.6693,39.9584,41.0518,24.3162,25.5117,55.3694,92.0642,68.3433,89.5217,87.7141,76.6943,100.2155,74.5607,71.9931,69.7493,83.7984,21.878,224.01,25.01,20.2785,75.36,12.2666,84.0337,90.6258,20.3202,46.8781,36.8846,26.4613,84.5962,101.8561
2024-08-09,520.664,445.7354,202.0267,383.2549,156.4897,58.6134,523.6829,72.5565,46.1143,51.7317,61.2124,32.8643,40.1781,41.1558,24.2781,26.2032,55.3893,92.389,68.5847,89.8844,88.5792,76.713,100.7297,74.8259,72.0391,69.7404,83.7808,21.878,224.56,25.0,20.3979,76.22,12.3311,84.423,91.036,20.4333,46.8687,36.8057,26.4336,84.6147,101.8931
2024-08-12,520.9376,446.6953,200.2067,381.9165,155.8575,58.8446,520.5474,72.4909,46.1331,51.5895,61.5495,32.9664,40.3118,41.3354,24.4689,26.4276,55.2701,92.5468,68.7055,90.1354,88.9013,76.7594,100.9408,74.9632,72.1128,69.7851,83.8072,21.8955,228.41,25.49,20.6826,78.63,12.5153,83.802,90.416,20.2919,46.9626,36.5297,26.4336,84.6424,101.9208
2024-08-13,529.5048,457.7791,203.5043,385.8155,157.3614,60.1558,527.6195,73.738,46.8875,52.2626,63.3099,33.3935,40.7608,41.6472,24.6119,26.9036,55.1311,92.918,68.9655,90.5353,89.5178,76.8803,101.6478,75.3473,72.3153,70.1071,84.2215,21.9914,228.06,25.42,20.4897,77.64,12.3955,84.5342,91.1123,20.4427,47.573,37.0127,26.2948,84.6517,101.9485
2024-08-14,531.1753,457.9276,202.242,388.0462,158.3001,60.2846,527.0725,74.0099,47.0667,52.5659,63.4036,33.5234,40.5411,41.3826,24.1541,26.9395,54.9723,93.0851,69.0955,90.6562,90.0791,76.8711,102.0977,75.5028,72.3429,70.2324,84.4154,22.035,226.2,25.13,20.3611,76.59,12.3035,84.7566,91.4747,20.5087,47.6575,37.0423,26.3225,84.6609,101.9485
2024-08-15,540.2797,469.4962,207.4869,393.6619,160.1488,61.4868,537.3975,74.91,47.642,53.1157,64.6209,33.8391,40.99,41.8362,24.6501,27.0383,55.4687,92.6953,68.8076,90.089,89.3521,76.685,101.7856,75.2558,72.1772,70.295,84.4947,22.035,226.91,25.86,20.5264,77.41,12.4048,84.6917,91.1981,20.4804,47.8641,37.683,26.4151,84.6702,101.9578
2024-08-16,541.491,470.0999,208.0349,394.8141,160.6278,61.6205,537.7198,75.3226,47.9249,53.4096,64.958,33.8762,41.4677,42.2709,25.1462,27.155,55.9651,92.918,68.9562,90.2656,89.665,76.7688,102.0885,75.4479,72.26,70.5186,84.7768,22.1048,231.99,26.43,20.3979,76.32,12.3495,84.6454,91.2267,20.4616,48.127,37.5351,26.2855,84.7164,102.004
2024-08-19,546.6685,476.2751,210.5791,397.1145,161.6814,62.3686,542.6625,76.2415,48.4813,53.9784,65.885,34.1547,41.8689,42.7056,25.3751,27.7746,56.0843,93.0201,69.0398,90.3865,90.0791,76.7502,102.3272,75.5485,72.2969,70.6348,84.909,22.1397,231.61,26.83,20.2877,74.38,12.285,85.3497,91.923,20.6124,48.6153,37.7618,26.1467,84.7164,102.0132
2024-08-20,545.7795,475.2756,208.123,396.5808,161.2121,62.3058,538.0617,76.0071,48.3492,53.95,65.5666,33.8669,41.5441,42.2898,24.8027,27.4334,56.1835,93.2985,69.2441,90.7492,90.7968,76.8618,102.5935,75.7131,72.4073,70.5723,84.8561,22.1048,232.46,26.87,20.205,73.83,12.2298,85.2478,91.904,20.6124,48.2867,37.5746,26.0542,84.7348,102.041
2024-08-21,547.6551,477.4924,210.8335,396.9981,161.8251,62.5981,544.5185,76.7104,48.7736,54.3576,66.3251,34.2104,41.7065,42.4883,25.0603,27.4693,56.5112,93.4749,69.3927,90.9352,90.8521,76.9455,102.823,75.8961,72.5086,70.7333,84.9971,22.1484,232.15,26.95,20.104,72.6,12.1561,85.7019,92.2283,20.7066,48.5027,37.9984,25.971,84.7533,102.0594
2024-08-22,543.3568,469.9218,208.9743,395.5323,161.5282,61.68,541.3145,76.2603,48.4341,54.0732,65.8382,34.1454,41.1906,41.9874,24.8695,26.724,56.3722,93.0943,69.1141,90.5167,89.9503,76.8431,102.4007,75.6582,72.4165,70.6438,84.9266,22.1397,229.37,26.39,20.0856,73.58,12.1561,85.9522,92.5812,20.782,48.39,37.8505,26.0912,84.7533,102.0779
2024-08-23,549.1302,475.0183,215.6478,399.7548,163.3194,62.3868,553.0461,77.6574,49.3677,54.9169,67.3552,34.721,41.8784,42.5922,25.2606,27.3346,56.67,93.5213,69.4206,90.9352,90.5392,77.0199,102.9883,76.0516,72.6375,71.0195,85.3762,22.2357,232.02,27.2,20.4438,75.55,12.3679,87.8429,94.5652,21.1873,49.0098,38.6785,25.8692,84.7903,102.1241
2024-08-26,547.8212,470.4067,215.7163,400.6187,163.5206,62.0251,551.1412,77.3105,49.1697,54.7937,66.5124,34.7024,41.525,42.3182,25.0603,27.5681,56.7792,93.4377,69.3463,90.8236,90.3091,76.9827,102.8598,75.9875,72.6098,70.8764,85.2263,22.2095,232.76,27.32,20.655,77.83,12.4968,87.8058,94.4221,21.1779,48.8783,38.6194,25.9247,84.7996,102.1334
2024-08-27,548.5734,471.812,214.043,400.7838,163.5972,62.2117,549.1682,77.6668,49.3583,54.9928,67.1679,34.916,41.5823,42.3654,25.337,27.5232,56.7594,93.4656,69.3463,90.7864,90.1527,77.0292,102.7771,75.9601,72.6651,70.9211,85.2616,22.2095,233.39,27.36,20.554,76.49,12.4508,87.9355,94.632,21.2156,48.6811,38.3237,25.8414,84.818,102.1519
2024-08-28,545.3889,466.4581,212.5948,399.2792,163.4344,61.5545,546.3647,77.3949,49.1131,54.86,66.8776,34.7024,41.3244,42.0914,24.9363,27.4244,56.7395,93.3821,69.2998,90.7399,90.0423,77.0199,102.566,75.8869,72.6559,70.8853,85.2704,22.2008,231.75,26.69,20.306,75.48,12.3035,87.5926,94.2981,21.159,48.6811,38.0773,25.9895,84.8273,102.1703
2024-08-29,545.4376,465.7753,214.1115,401.7739,163.9517,61.4075,548.1816,77.6855,49.2451,55.0402,66.99,34.8788,41.3435,42.1481,25.1175,26.8138,56.8586,93.2614,69.1977,90.5818,89.7478,77.0106,102.3915,75.8046,72.6375,70.9569,85.3233,22.227,232.95,26.81,20.5356,76.77,12.4324,87.3238,93.9834,21.0836,48.9816,38.3631,26.082,84.8273,102.1796
2024-08-30,550.6443,471.327,215.3543,404.0064,165.5705,62.0169,552.1964,77.8074,49.4054,55.1634,67.3926,34.8417,41.4295,42.2615,25.2416,26.8228,57.3054,93.0387,69.0584,90.2656,88.7908,77.0106,102.1069,75.6766,72.6375,70.9658,85.3409,22.227,231.29,26.35,20.306,74.34,12.285,88.1673,94.9372,21.291,49.1412,38.8559,26.156,84.8735,102.2166
2024-09-03,539.3126,457.0171,208.7688,398.2212,163.7601,60.1822,537.8761,76.5791,48.5473,54.1111,66.3813,34.1733,40.6079,41.6189,24.8027,26.3827,56.8686,93.4315,69.3527,90.8607,90.243,77.0927,102.4156,75.8886,72.7326,70.7141,85.0192,22.1787,230.29,25.58,19.9019,71.09,12.0456,88.1209,94.9372,21.3287,49.0285,37.3971,26.2023,84.9069,102.249
2024-09-04,538.2087,455.8296,208.4165,398.3862,163.6643,59.989,536.2643,76.2415,48.3964,53.9784,65.6977,34.2383,40.5984,41.6,24.7837,26.5623,57.1366,93.8412,69.6602,91.3923,91.4062,77.2607,103.0515,76.2282,72.8711,70.9748,85.3826,22.2489,230.43,25.68,19.755,69.61,11.9351,88.3711,95.2043,21.3758,49.2351,37.1704,26.0727,84.9162,102.2769
2024-09-05,536.8997,456.2551,207.3792,396.4837,162.4477,60.0451,532.6111,76.2603,48.4058,53.8457,66.091,34.2383,40.6557,41.7134,24.6596,26.8946,56.8289,94.0832,69.8278,91.6068,91.9232,77.2887,103.5583,76.4761,72.9635,71.2175,85.6307,22.3191,232.35,26.23,19.8009,69.89,11.9627,88.0838,94.8991,21.3004,49.3196,36.8156,26.0357,84.9255,102.2954
2024-09-06,527.8636,444.0333,203.4358,392.6106,160.3691,58.8264,525.4803,74.8257,47.5005,53.0399,63.7594,33.8762,39.9106,41.1085,24.3258,26.3648,56.1041,94.2042,69.9117,91.7374,91.914,77.4287,103.5122,76.522,73.0651,71.1276,85.5155,22.2928,230.63,25.48,19.5346,68.93,11.7969,88.0004,94.8132,21.291,48.9252,36.4706,26.0727,84.9719,102.3419
2024-09-09,533.7737,449.7433,204.0033,397.0564,162.0646,59.558,527.8344,75.5758,48.0098,53.4001,64.9205,34.099,40.2449,41.3921,24.3448,26.4636,56.5409,94.3439,70.0048,91.868,92.311,77.438,103.7426,76.6413,73.0835,71.2983,85.7016,22.3367,231.6,25.85,19.5897,69.27,11.8522,88.9828,95.9674,21.5172,49.2164,36.8649,26.1838,84.9719,102.3419
2024-09-10,536.0988,453.8998,203.837,396.2895,162.2466,59.9791,526.6817,75.2007,47.8211,53.1631,64.7426,33.8948,40.0921,41.2976,24.2876,26.0505,56.6303,94.6325,70.2377,92.2597,92.9572,77.55,104.0282,76.8158,73.1944,71.1635,85.5155,22.2928,232.62,25.94,19.305,66.96,11.668,90.2711,97.484,21.8188,49.2164,36.924,26.193,84.9997,102.379
2024-09-11,541.5984,463.7564,204.4339,397.2699,162.0646,61.1978,528.7136,75.6508,48.0946,53.4475,65.1359,34.0062,40.3882,41.5527,24.5356,26.2211,56.7197,94.6045,70.2004,92.1944,92.8833,77.4847,104.0743,76.8158,73.139,71.2714,85.6573,22.3279,232.25,26.12,19.4795,67.85,11.7785,90.095,97.1406,21.8094,49.2351,37.1803,26.2208,84.9997,102.3697
2024-09-12,546.1605,468.3087,207.0661,399.8908,163.0417,61.7972,533.2557,76.2697,48.5284,53.8362,65.782,34.1547,40.7226,41.8268,24.5261,26.2929,57.3451,94.5208,70.1259,92.0452,92.4495,77.494,104.0006,76.7607,73.1574,71.3703,85.7548,22.363,236.33,27.27,19.856,69.89,11.9903,90.475,97.484,21.8942,49.6859,37.6731,26.1097,85.009,102.3883
2024-09-13,549.013,470.4067,212.174,402.7737,164.2103,62.0334,542.5551,76.4478,48.6604,54.1111,65.4262,34.2568,40.9136,42.0158,24.6692,26.6252,57.4345,94.7163,70.275,92.2224,92.6987,77.606,104.3231,76.9443,73.2683,71.568,86.0118,22.4069,238.68,28.02,19.8927,69.84,12.018,91.4203,98.3806,22.1015,50.1085,38.2054,26.0727,85.0555,102.444
2024-09-16,549.8238,468.3285,212.9373,405.1422,165.513,61.8005,546.2769,77.0667,49.0471,54.4714,66.0536,34.6282,41.0474,42.1764,24.8123,26.9395,57.7125,94.9397,70.4613,92.4649,93.5481,77.6527,104.7839,77.1279,73.3145,71.7477,86.1891,22.4683,238.66,28.07,20.0397,70.88,12.1193,91.7262,98.8289,22.1769,50.5029,38.5307,25.9895,85.074,102.4811
2024-09-17,550.0485,468.5759,214.6987,405.0257,165.4459,61.8104,549.1193,76.6354,48.8113,54.3007,65.2764,34.3775,41.0951,42.2237,25.1271,27.1011,57.5437,94.8466,70.3681,92.297,93.0957,77.5967,104.7931,77.1003,73.3145,71.7657,86.2422,22.4683,237.34,27.96,20.1774,71.72,12.2022,91.0867,98.0182,22.0167,50.6156,38.9644,26.0727,85.0833,102.4904
2024-09-18,548.4172,466.5472,214.7378,403.9871,165.0819,61.5776,549.4026,76.3916,48.6416,54.1206,64.9767,34.3404,40.9518,42.0725,24.984,26.9664,57.2458,94.5487,70.1539,91.8959,91.9417,77.5687,104.36,76.9351,73.2683,71.8286,86.3397,22.4946,235.51,27.24,20.0489,70.66,12.1285,90.9755,97.8369,21.9696,50.3244,38.9939,26.1005,85.1019,102.5275
2024-09-19,557.7755,478.3434,219.1607,409.054,166.5284,63.0886,558.7996,77.9012,49.5752,55.097,66.6997,34.8046,41.8211,42.9513,25.8807,27.0383,57.6926,94.558,70.1539,91.8213,91.6371,77.634,104.4521,76.9994,73.3237,72.0443,86.5258,22.5561,239.17,28.09,20.407,72.75,12.3403,90.994,97.732,21.9225,50.2775,40.1571,25.9895,85.1204,102.5461
2024-09-20,556.8113,477.433,216.8123,409.4511,166.3751,62.8987,554.9888,77.1323,49.1251,54.3102,66.7371,34.3868,41.7351,42.9267,25.8998,26.2121,58.3181,94.4742,70.1446,91.7934,91.2862,77.662,104.5443,77.0544,73.4253,72.1342,86.6233,22.5649,242.21,28.41,20.407,72.92,12.3495,90.6326,97.5508,21.8565,50.6343,39.9008,26.0357,85.1576,102.5925
2024-09-23,558.2028,478.6985,216.0196,409.9769,166.9594,63.0556,557.8592,77.423,49.3236,54.424,67.1398,34.7024,42.0599,43.2774,26.4054,26.0325,58.7351,94.437,70.0979,91.7374,91.0923,77.662,104.3969,76.981,73.3698,71.9994,86.4638,22.5297,242.68,27.98,20.4162,72.25,12.3495,91.5316,98.4092,22.1015,51.2072,39.9994,26.0727,85.1669,102.611
2024-09-24,559.8,481.0076,216.3817,410.97,167.036,63.3016,557.7121,77.8824,49.6262,54.9169,66.5592,34.8417,43.4928,44.7844,29.0001,26.6701,58.467,94.5673,70.1818,91.84,91.0739,77.7367,104.5719,77.1003,73.4622,72.0084,86.5081,22.5473,246.07,29.38,20.756,73.29,12.5429,91.6613,98.4379,22.1204,51.1696,40.1078,25.9247,85.1762,102.6203
2024-09-25,558.5652,481.4535,213.7425,408.0395,166.0398,63.4486,552.1772,77.4605,49.3142,54.6989,66.4375,34.6375,43.0343,44.3295,28.1988,26.4905,58.5167,94.2042,69.921,91.4669,90.3169,77.6714,103.9545,76.8249,73.3329,71.9275,86.4106,22.5034,245.73,29.06,20.5815,71.48,12.4508,91.0496,97.8644,22.0066,50.9161,39.8811,26.1005,85.1947,102.6389
2024-09-26,560.7798,485.0707,214.8814,410.4734,166.9681,63.5651,556.7619,79.167,50.4111,55.6848,68.3477,34.9624,44.6105,45.7417,30.4501,26.6881,58.7748,94.2228,69.921,91.4016,90.5292,77.5967,103.9545,76.779,73.2867,72.0443,86.4461,22.5297,246.98,29.26,20.3979,69.01,12.3495,90.2248,96.9616,21.7696,51.0006,40.2655,25.9802,85.1947,102.6481
2024-09-27,559.9664,482.3752,216.3346,411.7682,167.5074,63.2097,557.5947,78.6888,50.0991,55.7227,66.5592,34.9717,44.5245,45.7322,30.6886,26.697,58.7053,94.4928,70.1259,91.7654,91.0,77.718,104.3692,77.0636,73.4437,72.2241,86.6676,22.6,245.02,28.86,20.4989,70.27,12.3955,90.3397,97.1537,21.817,51.2353,40.4035,25.971,85.2226,102.6853
2024-09-30,562.2104,483.6833,216.8844,411.9338,168.1044,63.4759,558.0649,78.4169,49.9383,55.2392,66.99,34.7303,43.808,45.3531,30.3166,26.4815,58.1096,94.2787,69.9676,91.5135,90.5661,77.606,104.1112,76.88,73.3514,72.1702,86.6676,22.6,243.06,28.41,20.453,69.92,12.3679,91.05,97.8452,21.9687,51.1133,40.5711,26.0727,85.2319,102.6853
2024-10-01,557.1738,476.9444,213.9388,410.3567,167.7,62.6261,553.4899,77.8356,49.5884,54.6325,67.0836,34.6653,44.1233,45.6943,31.5758,26.4995,57.7621,94.528,70.174,91.8465,91.22,77.6556,104.6115,77.172,73.4542,72.134,86.6302,22.607,245.61,28.58,20.8111,72.11,12.5797,90.4612,97.2593,21.817,51.2259,40.3739,26.1838,85.2514,102.7077
2024-10-02,557.4091,477.6183,213.6443,410.7557,167.5844,62.6938,553.9601,77.6761,49.5033,54.4714,66.6997,34.5725,44.9926,46.6421,33.8462,26.733,57.5933,94.3319,70.0432,91.5846,90.4513,77.6369,104.3803,77.0799,73.445,72.143,86.6213,22.5982,245.66,29.0,20.9856,72.76,12.681,90.1434,96.9328,21.7222,51.2729,40.3049,26.2948,85.2607,102.7077
2024-10-03,556.39,477.2616,212.2108,408.8769,166.8526,62.6972,552.5005,76.9542,49.04,53.8741,66.4375,34.1918,44.4576,45.9408,32.9113,26.2391,56.9182,93.9491,69.7349,91.117,89.5992,77.5339,103.7051,76.7391,73.2782,71.9715,86.4698,22.554,245.49,29.23,21.2887,75.73,12.8836,89.321,95.9723,21.561,51.0945,40.0881,26.3781,85.2794,102.7077
2024-10-04,561.4462,482.9401,215.176,412.2162,168.1526,63.3833,557.6829,77.4042,49.3331,54.1396,67.3083,34.3218,44.8684,46.5,34.0656,26.4097,56.6899,93.3421,69.2771,90.2377,88.497,77.2717,103.141,76.2784,73.0002,71.8902,86.3896,22.554,245.0,29.36,21.3438,76.35,12.9205,88.8911,95.4344,21.4282,51.3199,40.4331,26.5261,85.298,102.7449
2024-10-07,556.3704,477.767,213.4872,408.5166,166.8911,62.6608,553.872,76.9729,49.0589,53.8457,66.5218,34.1454,45.2409,46.9075,35.0005,26.2391,55.6673,93.0246,69.0716,89.9103,87.8302,77.1687,102.6138,75.9929,72.8983,71.5831,85.9708,22.4746,244.17,28.93,21.6377,79.2,13.1046,88.106,94.6084,21.2955,50.9912,40.4429,26.5446,85.3167,102.7356
2024-10-08,561.6323,484.9023,213.6345,409.6751,167.0741,63.6875,554.0484,76.851,48.9832,53.7983,66.7278,33.8298,44.1233,45.5332,31.7952,26.0146,56.67,93.1834,69.1743,89.9851,87.9784,77.2343,102.8173,76.1218,72.9539,71.7547,86.149,22.4834,242.37,28.01,21.1326,75.79,12.7823,88.2836,94.8293,21.305,50.7188,40.3345,26.5446,85.3167,102.7636
2024-10-09,565.5224,488.7176,214.1057,413.8127,168.5378,64.0959,557.8004,76.8698,49.0021,53.9689,66.3813,33.9969,43.8845,45.2204,31.2801,25.4668,56.9281,92.9406,68.9875,89.6484,87.4782,77.1594,102.6138,75.9376,72.9075,71.7096,86.0599,22.5099,241.05,27.86,20.9489,75.25,12.6902,88.377,94.8965,21.305,50.7376,40.7386,26.6649,85.326,102.7729
2024-10-10,564.5327,488.1627,212.9177,413.433,168.0177,64.043,554.9594,76.776,48.917,53.8173,66.3907,33.9598,43.9704,45.3152,31.6903,25.6015,56.6899,92.8846,68.9595,89.639,87.1355,77.2249,102.5028,75.9652,72.9539,71.6734,86.051,22.5011,242.82,28.38,21.3622,77.77,12.9205,87.592,94.1377,21.1533,50.6907,40.4922,26.6556,85.3353,102.7822
2024-10-11,567.9133,488.9257,217.2477,417.3955,169.78,64.2794,564.2856,77.1698,49.1629,54.1396,66.5311,33.9319,44.2857,45.6375,31.8334,25.4309,56.7792,92.9126,68.9688,89.6671,86.7836,77.2905,102.4843,76.0021,73.0187,71.8631,86.247,22.5452,245.47,28.8,21.3806,77.49,12.9389,88.5826,95.1943,21.3524,51.1039,41.261,26.6741,85.3819,102.8288
2024-10-14,572.5579,493.0286,218.8482,419.4984,170.8392,64.8349,567.6752,77.3949,49.2669,54.3766,66.6435,34.1733,44.1042,45.4195,31.2324,25.9966,56.9083,92.8285,68.9221,89.508,86.8484,77.253,102.4936,75.9744,72.9909,71.8992,86.3005,22.5717,245.07,28.54,21.0499,75.93,12.7547,89.1154,95.8186,21.4851,51.4701,41.5568,26.7574,85.3726,102.8381
2024-10-15,568.1093,486.4384,219.0249,416.237,169.9244,64.2496,566.1862,76.1102,48.5671,53.5139,65.2764,33.8948,43.168,44.5096,29.6679,25.5027,56.5906,93.202,69.193,89.9664,87.9043,77.2905,102.993,76.1955,73.0465,71.8811,86.3005,22.5452,245.92,28.71,20.6458,72.76,12.4968,90.1902,96.952,21.7696,51.4701,41.3202,26.7759,85.4006,102.8474
2024-10-16,570.5786,486.4978,222.6284,419.3328,171.1666,64.3505,571.3488,76.3072,48.7563,53.5613,65.6696,34.1733,43.5024,44.9266,30.1926,25.5476,56.6402,93.3234,69.2864,90.1067,88.2747,77.3373,103.3167,76.3798,73.1207,72.0076,86.4787,22.5805,247.15,28.91,20.5907,72.4,12.4692,91.1809,97.9509,21.9971,51.949,41.7539,26.8499,85.4006,102.8661
2024-10-17,570.6275,486.8347,222.0196,421.0171,170.9933,64.4298,571.8974,76.3165,48.7374,53.694,65.3232,34.2383,43.4355,44.7844,29.4294,25.4937,55.9353,92.8659,68.9501,89.639,86.8762,77.2717,102.5491,76.0297,73.0002,71.8992,86.2649,22.5717,248.63,28.89,20.6183,72.62,12.4692,90.4612,97.1921,21.8265,51.6955,41.7736,26.9332,85.4192,102.8661
2024-10-18,572.8224,490.0258,221.5581,421.3472,171.234,64.8399,572.0836,76.8323,49.0116,54.0732,65.6696,34.359,43.8654,45.3342,30.6886,25.3231,56.1537,92.9312,68.9875,89.7419,86.941,77.3373,102.4288,76.0297,73.0465,72.0708,86.5144,22.5982,251.27,30.64,20.5081,71.38,12.4048,91.1341,97.9125,21.9782,51.9021,41.882,26.8592,85.4472,102.9127
2024-10-21,571.8818,490.9673,218.0725,418.1627,169.597,65.116,565.4807,75.9227,48.4537,53.4855,64.5834,34.034,43.5597,45.0119,30.2784,25.2962,55.7765,92.2869,68.5203,89.0497,85.4221,77.2249,101.3837,75.477,72.8705,71.7818,86.1669,22.5364,251.22,30.85,20.5724,72.26,12.4692,89.349,95.9531,21.5325,51.4138,41.6257,26.9794,85.4658,102.922
2024-10-22,571.5779,491.5024,217.2477,418.1042,169.3466,65.1044,561.8267,75.4914,48.2078,53.3148,63.7313,33.9412,43.4642,44.955,30.5169,25.2333,55.1907,92.3056,68.5484,88.9655,85.5055,77.2156,101.3745,75.4678,72.8612,71.6824,86.0154,22.5187,253.93,31.74,20.9305,73.98,12.6626,89.4799,96.0587,21.5894,51.2635,41.1526,27.0072,85.4751,102.922
2024-10-23,566.3553,483.9707,215.2643,414.0625,168.9614,64.1587,558.3979,74.7319,47.7445,52.9925,62.4297,33.6255,43.2062,44.6707,30.4501,25.1525,55.0616,92.0722,68.3802,88.7597,85.2739,77.1687,101.0323,75.2927,72.7685,71.4657,85.7302,22.4834,250.87,30.71,20.8111,73.55,12.6258,90.1341,96.9232,21.8075,51.1978,40.916,27.0997,85.4751,102.922
2024-10-24,567.5801,487.8951,215.7356,412.7185,168.3837,64.5886,559.4755,75.1538,47.9147,53.2011,62.9447,33.7834,43.1394,44.6233,30.2689,25.4488,55.012,92.2496,68.4923,88.9562,85.8204,77.2062,101.3375,75.394,72.8334,71.6734,85.9975,22.5187,252.8,30.69,20.802,73.06,12.6258,90.3304,97.1633,21.7885,51.2823,40.8569,26.998,85.4845,102.9407
2024-10-25,567.384,490.8682,214.9207,410.1475,167.1992,64.8878,556.1154,74.9007,47.7634,52.9641,62.9634,33.542,43.1012,44.5854,30.2593,25.2603,54.317,92.0628,68.3522,88.7597,85.3387,77.1781,101.097,75.2743,72.7778,71.6012,85.8639,22.5099,253.32,30.63,20.9489,74.23,12.6718,89.4799,96.2412,21.5799,50.747,40.6203,27.0905,85.5218,102.9779
2024-10-28,569.1381,490.9474,218.426,413.0009,168.114,64.9953,561.7484,75.5008,48.1133,53.4665,63.3942,33.8762,43.2922,44.7276,30.784,25.6284,54.7737,91.9134,68.2681,88.554,85.1072,77.1406,101.0138,75.1822,72.75,71.7818,86.1134,22.554,253.33,30.73,20.3887,70.43,12.3679,89.7603,96.491,21.6463,51.2823,41.1625,27.0905,85.5218,103.0059
2024-10-29,570.0592,495.6647,217.719,411.472,166.997,65.521,562.3068,75.2289,47.9525,53.0115,64.0122,33.5884,43.1585,44.5569,30.5646,25.3321,54.8432,92.0161,68.3241,88.5914,85.2369,77.1687,101.134,75.2651,72.8056,71.7999,86.1401,22.5629,256.09,31.39,20.3519,69.66,12.3495,89.1154,95.5977,21.4567,50.5404,40.9062,27.0997,85.5404,103.0059
2024-10-30,568.3347,491.9186,217.4245,410.7415,166.8815,65.1821,561.5034,74.7413,47.7161,52.5849,64.0684,33.3006,42.7382,44.2347,30.1735,25.3052,54.595,91.9227,68.2588,88.4604,85.4869,77.1032,101.0045,75.1085,72.6944,71.6734,85.9708,22.5364,257.5,30.81,20.6091,71.36,12.4876,89.5079,96.0587,21.5325,50.4371,40.9062,27.035,85.5497,103.0339
2024-10-31,557.1935,479.5013,213.8112,406.7681,165.7837,63.3089,554.0875,74.2818,47.3757,52.1109,63.7407,33.0035,42.4611,44.1399,30.1067,24.946,54.4262,91.9041,68.2494,88.4136,85.6259,77.1219,100.8011,74.9611,72.6666,71.4747,85.8104,22.5011,253.51,29.81,20.7469,73.08,12.5613,87.9938,94.4259,21.1817,50.4559,40.5316,27.0165,85.5684,103.0525
2024-11-01,559.5452,483.0491,215.0091,409.4463,165.8222,63.8164,555.2532,74.4318,47.4797,52.3953,63.6564,33.1892,42.4994,44.1494,30.2212,24.2545,54.466,91.5387,67.9851,87.8901,84.4187,77.0965,100.2488,74.6716,72.5773,71.4793,85.7844,22.4975,252.47,29.54,20.5264,72.02,12.46,87.0218,93.3597,20.9542,49.7986,40.6992,27.1275,85.6048,103.0965
2024-11-04,558.3399,481.6418,216.0989,407.138,165.3889,63.6379,556.8795,74.4881,47.5459,52.4237,63.7126,33.2449,42.7382,44.2916,30.4024,24.9639,53.91,91.9228,68.2569,88.3592,85.729,77.1529,100.9913,75.0415,72.7168,71.679,85.9995,22.5508,252.83,29.63,20.8754,74.29,12.635,87.9752,94.3683,21.1722,49.8737,40.6598,27.0257,85.6235,103.1152
2024-11-05,565.0912,487.7861,220.1639,411.2772,167.1415,64.5141,564.9519,75.2289,48.0471,52.7745,64.677,33.4492,43.3209,44.9361,31.137,25.2243,54.3567,92.1382,68.4256,88.4061,86.1844,77.1341,101.474,75.2543,72.7633,71.8787,86.2145,22.5952,253.4,29.75,21.004,74.73,12.6994,89.1434,95.6553,21.4377,50.5968,41.7539,26.9147,85.6235,103.1152
2024-11-06,579.1426,501.0359,232.9183,425.8175,171.6385,66.1063,588.2086,74.1412,47.4324,51.599,64.9673,33.0964,42.7859,44.5096,30.2212,25.4399,54.7439,91.4169,67.8633,87.496,83.8239,77.0402,100.4159,74.7271,72.6425,72.0057,86.4116,22.6486,245.7,28.43,20.7744,74.54,12.5797,87.2462,93.2445,20.9921,50.2775,44.573,27.3495,85.6423,103.1152
2024-11-07,583.6205,508.9243,232.0936,425.9733,171.1281,67.2008,587.2094,75.2664,48.1511,52.3574,65.5292,33.3656,43.7316,45.4763,31.8811,25.368,54.5454,92.1102,68.3694,88.1997,84.874,77.1717,101.6039,75.43,72.9028,72.3143,86.788,22.7285,249.65,29.11,20.9856,74.66,12.6994,88.2929,94.3971,21.1817,50.6813,44.2477,27.1275,85.6516,103.1433
2024-11-08,586.1487,509.519,233.802,428.6223,172.1103,67.4686,590.0601,74.2255,47.5175,51.5516,65.0142,32.7993,42.6522,44.3484,30.0209,24.8831,53.9695,92.2694,68.5006,88.3874,85.952,77.1153,101.9566,75.5132,72.8749,72.4323,86.9761,22.7729,247.96,28.48,20.6642,73.13,12.5245,89.6107,95.9435,21.5041,50.8034,44.4448,27.3125,85.6984,103.1994
2024-11-11,586.7073,509.2217,237.3171,431.4466,172.534,67.5397,595.2718,74.2443,47.4986,51.5136,65.1734,32.7622,42.3274,44.0925,30.0209,24.8831,54.1483,92.0633,68.3694,88.1434,85.5338,77.0589,101.7617,75.3652,72.8191,72.3506,86.9224,22.7641,242.14,27.97,20.3336,70.94,12.3219,89.1621,95.3095,21.3619,50.9724,44.8194,27.4698,85.6891,103.1901
2024-11-12,584.8846,508.3,233.154,427.9211,171.1859,67.5877,589.012,72.8659,46.7232,50.414,64.1433,32.1494,41.525,43.3437,28.9143,24.8652,53.4235,91.5294,67.957,87.5898,84.2514,76.9838,100.8428,74.9213,72.6517,72.0602,86.5013,22.6663,240.05,28.07,20.2234,70.69,12.2482,87.9284,94.0225,21.1059,50.2775,44.159,27.5901,85.6984,103.1994
2024-11-13,585.1688,507.646,230.8466,428.3302,171.4074,67.5579,585.7105,72.4346,46.4584,50.2054,63.4316,32.1216,41.2575,43.1163,28.8761,24.7215,52.8874,91.5106,67.9289,87.5335,83.4522,77.0965,100.4623,74.8473,72.6982,72.0783,86.564,22.6752,237.63,27.61,20.1591,70.73,12.2114,88.4144,94.666,21.2291,50.0803,44.1195,27.7474,85.7171,103.2182
2024-11-14,581.4061,504.118,227.7341,426.2752,170.1941,67.1462,580.5967,72.5846,46.4962,50.3666,63.5066,32.0844,41.0283,42.8509,28.5709,24.6137,53.0164,91.4732,67.9102,87.5241,83.9354,76.9838,100.4345,74.7456,72.6145,71.924,86.3848,22.6308,237.01,27.81,20.1407,71.29,12.1929,87.62,93.8304,21.0205,50.1085,43.4591,27.8584,85.7171,103.2275
2024-11-15,573.959,492.1069,224.3368,423.4258,169.6163,65.774,574.1996,72.3221,46.3638,50.1675,63.1975,32.0195,41.0283,42.7656,28.7616,24.5149,52.6392,91.4825,67.9289,87.5617,83.7124,77.0683,100.4809,74.8103,72.6796,71.915,86.34,22.6397,236.59,27.57,20.0397,69.75,12.1377,87.6667,93.936,21.0774,50.5686,43.1831,27.8307,85.7452,103.2462
2024-11-18,576.3108,495.5259,224.7786,423.114,170.3963,66.0732,575.6396,72.7159,46.6759,50.414,63.5627,32.3537,41.4963,43.1257,29.3054,24.5958,52.8874,91.5668,67.9945,87.7587,83.8611,77.1247,100.6665,74.9305,72.7447,72.0511,86.4833,22.6574,241.09,28.38,20.4989,72.07,12.3955,88.3023,94.7044,21.2196,51.0945,43.4,27.6919,85.7546,103.265
2024-11-19,578.4175,498.935,226.4478,421.7984,169.7318,66.7594,575.914,72.6221,46.6192,50.3002,63.4691,32.2608,41.4677,43.1921,28.9906,24.497,53.1852,91.698,68.1163,87.9464,84.2886,77.1247,100.88,75.0693,72.7726,72.16,86.6267,22.693,243.25,28.5,20.5632,72.31,12.4324,88.7322,95.2039,21.3524,51.4889,43.4296,27.6826,85.7826,103.2837
2024-11-20,578.6135,498.6476,226.7424,423.2114,170.0785,66.7065,579.1272,72.4252,46.4868,50.2054,63.0009,32.2608,41.4199,43.1826,29.1241,24.3892,53.2448,91.6043,68.0413,87.815,84.0191,77.0871,100.6386,74.9398,72.7354,72.1419,86.5729,22.6841,244.62,28.1,20.554,72.02,12.4508,88.62,95.0022,21.286,51.395,43.4099,27.8214,85.792,103.3024
2024-11-21,581.7196,500.4413,230.1887,427.772,172.1488,66.7858,588.4338,72.444,46.6003,50.0917,63.1788,32.4465,41.3339,43.031,28.9524,24.1737,52.8079,91.5575,68.0039,87.7681,83.954,77.0683,100.518,74.8751,72.6889,72.1691,86.5998,22.6841,246.66,28.04,20.7009,73.2,12.5153,89.2742,95.6841,21.4188,51.9678,44.1688,27.9139,85.8014,103.3024
2024-11-22,583.5227,501.244,234.4402,431.8552,173.4103,66.799,598.2793,72.7253,46.8083,50.2623,63.6283,32.6508,41.3435,43.0404,28.3228,24.7035,53.8405,91.623,68.032,87.8244,84.0005,77.0589,100.6108,74.9305,72.6889,72.1509,86.5998,22.693,249.84,28.47,20.7193,74.25,12.5521,89.9472,96.3949,21.561,51.8833,44.7307,28.062,85.8294,103.3398
2024-11-25,585.502,502.0369,238.0044,436.1429,174.4985,66.9098,607.4978,73.1003,47.0352,50.4898,64.0684,32.8086,41.3721,43.0594,28.3324,24.6227,54.4858,92.4474,68.6599,88.772,86.1751,77.2093,101.8638,75.541,72.94,72.4233,86.9493,22.7552,242.48,27.63,20.4254,72.1,12.3771,91.1996,97.7396,21.8265,51.8927,45.2925,27.8677,85.8388,103.3586
2024-11-26,588.5591,504.7324,236.2566,437.4293,174.6237,67.4686,604.3434,72.6784,46.7515,50.2623,63.7407,32.66,41.2002,42.8319,28.1607,24.6586,54.317,92.3069,68.5381,88.5844,85.8405,77.2093,101.6039,75.4577,72.9214,72.2871,86.788,22.7196,242.95,27.8,20.4254,71.61,12.3771,91.5641,98.0469,21.9118,51.8833,45.1742,27.9047,85.8388,103.3679
2024-11-27,586.7758,500.7585,236.5807,436.3183,174.5466,67.0785,602.5016,73.0722,46.9974,50.6605,63.5627,33.0221,41.2575,42.993,28.9143,23.7606,54.4957,92.5598,68.7255,88.941,86.4353,77.2563,101.9752,75.6612,73.0051,72.505,87.0388,22.7641,243.49,27.45,20.3152,71.72,12.3035,92.1529,98.8057,22.054,52.212,44.9377,27.6641,85.8669,103.3866
2024-11-29,590.4209,505.1585,237.484,438.6083,175.134,67.6422,603.3245,74.0474,47.5648,51.1724,65.2576,33.2356,41.3244,43.1921,28.9143,22.9165,54.3865,92.9251,68.9786,89.3163,87.3274,77.3502,102.6063,75.9941,73.1353,72.6502,87.236,22.8263,245.59,27.92,20.3336,71.61,12.3403,91.7416,98.2679,21.9308,52.3059,45.0757,27.6178,85.8856,103.4334
2024-12-02,591.4791,510.6586,237.3662,437.2927,173.9689,68.2606,601.3554,74.2537,47.6121,51.2482,66.0536,33.1799,41.4868,43.4101,28.9715,22.6651,54.4759,92.9364,69.019,89.3087,87.5373,77.3455,102.7674,76.0489,73.1381,72.6237,87.1945,22.8039,243.44,27.79,20.1866,71.04,12.2298,90.4052,96.952,21.6558,51.5358,44.9278,27.7844,85.909,103.4485
2024-12-03,591.7535,512.2245,235.6773,436.4645,173.0637,68.5929,599.5332,74.6756,47.8107,51.3904,66.9993,33.3099,41.5728,43.5902,29.0955,22.8088,54.6844,92.7579,68.8592,89.0546,86.7819,77.3549,102.4042,75.9004,73.1287,72.6237,87.2126,22.8129,243.93,28.28,20.4162,73.04,12.3679,89.9472,96.3949,21.5325,51.4983,44.8095,27.7751,85.9278,103.4766
2024-12-04,595.428,518.557,236.5218,439.4367,172.4763,69.6146,601.1987,74.7319,47.8201,51.58,66.6248,33.3099,41.6778,43.6565,28.8857,22.8537,54.7737,93.0586,69.0942,89.3935,87.7144,77.4398,102.8978,76.151,73.2407,72.797,87.4017,22.8397,244.67,28.53,20.306,71.88,12.2942,89.7042,96.0779,21.4851,51.4044,44.7208,27.7659,85.9372,103.4766
2024-12-05,594.4481,517.1201,233.7627,437.2246,172.1488,69.5072,596.3298,75.0976,48.0376,52.0445,66.503,33.542,41.9548,43.9409,28.9715,23.2398,55.3793,93.0773,69.1036,89.384,87.8916,77.4398,102.8699,76.1324,73.1941,72.7331,87.3297,22.8307,242.86,28.56,20.2785,71.47,12.3127,89.4892,95.7802,21.4567,52.2026,44.4054,27.6178,85.9466,103.5048
2024-12-06,595.575,521.7482,234.5973,435.7433,171.6963,69.9784,596.4082,75.0882,47.9714,52.1109,66.5592,33.3285,41.888,43.9598,29.3531,22.692,55.2701,93.3405,69.2916,89.6664,88.0221,77.5152,103.1027,76.3459,73.3433,72.8516,87.4828,22.8665,242.95,28.25,20.1223,70.24,12.2114,89.3584,95.7514,21.4188,51.4701,44.1294,27.6919,85.9842,103.5518
2024-12-09,592.508,517.6849,233.4191,433.7261,170.6755,69.5055,593.871,75.0413,47.8579,52.0445,65.9786,33.4863,42.7477,45.0309,31.7666,22.9255,55.151,93.068,69.0848,89.3558,87.2108,77.4869,102.8419,76.216,73.2874,72.7605,87.3567,22.8486,245.36,28.98,20.3152,71.17,12.3127,89.6107,96.0203,21.4851,51.1884,43.607,27.7381,85.9936,103.5706
2024-12-10,590.6659,515.9209,232.4077,432.3716,169.5199,69.4295,589.8348,74.3662,47.508,51.6084,65.6228,33.1892,42.0599,44.1968,30.3166,23.1769,55.1113,92.9552,69.0096,89.1958,86.8006,77.4775,102.6836,76.1603,73.2874,72.797,87.3567,22.8486,248.59,28.99,20.3611,71.4,12.3403,88.3116,94.5027,21.1533,50.7282,43.1339,27.8029,86.0124,103.5706
2024-12-11,595.2321,525.1571,233.4583,431.2218,169.0192,70.5818,593.4987,74.835,47.8485,51.817,66.5499,33.3935,42.2319,44.2726,30.0304,23.8055,55.3198,92.7391,68.8592,88.9323,85.9799,77.4586,102.4042,76.0489,73.2874,72.8152,87.3747,22.8486,250.96,29.04,20.6183,73.33,12.5061,88.106,94.3298,21.0593,50.5404,43.3409,27.8954,86.0217,103.5894
2024-12-12,592.1651,521.7679,230.4244,429.0389,168.2296,70.1553,590.0798,74.1787,47.3851,51.3999,65.8944,33.0407,42.0217,44.0072,30.0495,23.1051,54.9028,92.3632,68.5865,88.5934,84.9355,77.4209,101.8268,75.7797,73.2034,72.6146,87.1405,22.8129,247.28,28.2,20.5356,73.21,12.4508,87.9658,94.1473,21.0498,50.2587,42.917,27.9879,86.0405,103.5988
2024-12-13,592.0475,525.7617,228.8436,428.1618,168.5762,70.0544,587.4443,73.9724,47.2622,51.4378,65.1172,32.9664,42.0599,44.0262,29.6679,22.6741,55.1609,92.0155,68.3139,88.1793,84.0682,77.3832,101.2586,75.492,73.1194,72.4049,86.8702,22.7503,244.29,27.75,20.5264,74.21,12.4508,87.7135,93.7536,21.0114,50.2493,42.5523,27.9972,86.0687,103.627
2024-12-16,594.5754,533.3331,230.1887,427.1873,167.9696,70.7802,587.0721,73.7286,47.0636,51.2766,64.7801,32.8921,41.8307,43.7987,29.1814,22.1802,55.151,92.1,68.3891,88.2076,84.32,77.3927,101.389,75.5569,73.1194,72.5417,87.0144,22.8039,244.88,27.8,20.4162,73.7,12.3587,87.405,93.4846,20.9156,49.9488,42.4537,27.9509,86.0781,103.6552
2024-12-17,592.1259,530.9843,227.5535,424.4588,166.8718,70.5851,580.1852,73.6117,46.9501,51.1439,64.5556,32.803,41.7306,43.6944,29.6955,22.5485,54.57,92.1,68.3986,88.2076,84.5252,77.4021,101.3983,75.5198,73.0914,72.3867,86.8612,22.7771,243.94,27.81,20.2785,73.3,12.285,86.9845,93.0275,20.8485,49.8047,41.8327,27.9787,86.0875,103.6552
2024-12-18,574.4784,511.828,217.4791,413.3983,162.654,68.211,557.6829,71.8058,45.787,49.9697,62.9389,32.0732,40.7592,42.6803,29.0952,21.0452,53.59,91.3987,67.8627,87.5258,83.4682,77.2602,100.1412,74.7494,72.7928,71.6434,85.9604,22.5715,239.26,26.85,20.0948,72.94,12.1653,83.3955,89.241,20.0049,48.6596,40.2951,28.3025,86.0875,103.6712
2024-12-19,574.3019,509.5488,216.5141,413.7004,162.0859,68.3333,556.6542,71.5777,45.6735,49.7501,63.1386,31.9121,40.8952,42.8604,29.2792,21.4492,53.77,91.163,67.6747,87.1292,82.2044,77.3453,99.5991,74.5452,72.8115,71.5701,85.8426,22.5715,239.6,26.52,20.0948,72.61,12.1469,82.1058,87.8754,19.6982,48.86,40.1669,28.358,86.0998,103.6995
2024-12-20,581.2,513.9983,218.5427,418.8146,163.9829,69.0723,560.6766,71.3781,45.6572,49.6737,62.9674,31.9311,41.0604,43.0991,29.4535,21.6935,53.42,91.4081,67.8815,87.4502,82.6725,77.3548,99.9916,74.8236,72.8861,72.0191,86.3951,22.6794,242.1,26.92,20.2234,73.1,12.2206,83.489,89.4734,20.0049,49.5089,40.4922,28.2192,86.1375,103.7278
2024-12-23,584.6804,519.006,218.0405,419.1567,164.535,69.6193,562.0237,71.8439,45.926,49.8455,63.2337,32.0827,41.2935,43.2836,29.7246,21.2519,53.27,91.1253,67.6653,87.0631,81.9142,77.3075,99.7019,74.638,72.8395,71.8267,86.223,22.6435,240.96,26.99,20.2388,73.06,12.2639,83.8155,89.8607,20.1008,49.9002,40.4922,28.3227,86.1375,103.7372
2024-12-24,591.1791,526.0437,219.9903,422.6847,165.9103,70.5579,565.9862,72.1005,46.1083,50.1319,63.1956,32.2912,41.4198,43.4583,30.1022,21.3835,53.39,91.229,67.7624,87.1103,82.2606,77.3453,100.0103,74.7703,72.9144,72.0558,86.4495,22.7064,241.44,27.02,20.3549,73.65,12.3216,84.3723,90.4612,20.2254,50.0242,40.7781,28.4001,86.1563,103.7655
2024-12-26,591.2184,525.6863,222.2455,423.3786,166.2784,70.4487,568.2083,72.4426,46.2907,50.2561,63.9279,32.3197,41.2741,43.3515,30.1312,21.3459,53.25,91.2949,67.8096,87.1764,82.2138,77.3643,100.1038,74.8542,72.9612,72.2391,86.6578,22.7514,243.07,27.14,20.2969,73.13,12.2831,84.5987,90.6452,20.2637,50.0624,40.8569,28.342,86.1752,103.7844
2024-12-27,584.995,518.6984,219.0056,420.2415,165.3001,69.4389,562.6431,72.3381,46.1755,50.0365,64.413,32.187,41.0895,43.1962,29.8698,21.1956,53.1,91.1064,67.6681,86.9498,81.5397,77.3832,99.6832,74.6678,72.9238,71.9916,86.4314,22.6884,241.4,26.76,20.3936,73.85,12.3313,83.7495,89.7445,20.072,49.9383,40.3739,28.2937,86.2129,103.8127
2024-12-30,578.3193,511.7997,217.3216,416.1075,163.6246,68.5665,558.7593,71.8629,45.8876,49.7119,63.8709,32.0827,40.7592,42.8176,29.5212,21.2425,52.65,91.4647,67.9322,87.4597,82.195,77.4967,100.1131,74.9473,73.0549,72.0925,86.4948,22.7154,240.63,26.43,20.5774,74.82,12.4468,83.3343,89.3668,19.9762,49.9383,39.9773,28.3227,86.2129,103.841
2024-12-31,576.2153,507.4521,217.5973,415.8436,163.9733,67.9457,560.0375,71.8629,45.8972,49.7023,63.8138,32.1301,40.6232,42.7497,29.4728,21.1486,52.64,91.3515,67.819,87.2992,81.755,77.544,99.8608,74.7982,73.0549,72.0833,86.4767,22.7154,242.13,26.33,20.6839,75.55,12.5045,84.0609,90.1222,20.1871,49.8811,39.9674,28.4484,86.2318,103.8504
2025-01-02,574.7996,506.4595,217.7746,414.1823,163.7408,67.8132,558.7593,71.6158,45.8012,49.5209,63.7282,32.0543,40.565,42.6332,28.9403,21.3365,53.4,91.361,67.8473,87.3464,81.9797,77.5251,99.8701,74.8169,73.0736,72.2574,86.7303,22.7604,245.42,26.93,20.887,76.93,12.6393,83.3154,89.3765,19.9953,50.2628,39.8092,28.6902,86.2506,103.8692
2025-01-03,581.9865,514.7478,221.0145,417.4659,164.9999,68.9489,565.4749,71.9294,46.0699,49.8264,63.985,32.1965,40.9438,42.8468,29.4244,21.0922,53.37,91.2667,67.7624,87.2048,81.7176,77.5251,99.6365,74.6771,73.0361,72.3674,86.9114,22.8324,243.49,26.98,20.7806,77.92,12.5623,84.41,90.4805,20.2446,50.5777,40.363,28.6031,86.2601,103.8976
2025-01-06,585.3391,520.6638,221.1031,417.4366,164.7674,69.7286,566.3696,72.6137,46.521,50.3611,64.1276,32.3481,41.0895,42.8371,29.0371,21.4586,52.64,91.1724,67.6964,87.1197,81.3525,77.544,99.3841,74.6119,73.0361,72.4957,87.0111,22.8414,243.19,27.24,20.8193,77.3,12.5912,83.3248,89.3571,19.9282,50.6922,40.4916,28.4194,86.2695,103.9164
2025-01-07,578.7224,511.373,219.3305,415.6775,164.6512,68.381,562.6431,72.5567,46.3675,50.447,63.9755,32.3765,40.7981,42.5653,28.6789,21.7781,52.43,90.8519,67.4606,86.7232,80.4351,77.4967,98.9261,74.3603,72.9893,72.2574,86.7484,22.7874,244.56,27.33,20.916,78.17,12.6489,82.5321,88.5921,19.7845,50.5395,40.0861,28.5258,86.2884,103.9353
2025-01-08,579.5679,511.4623,218.3359,416.4593,164.8062,68.4837,564.118,72.4426,46.3099,50.3324,63.8138,32.1965,40.6038,42.2935,28.5724,21.4868,52.33,90.9556,67.5361,86.8742,80.538,77.544,99.085,74.4162,73.0268,72.3491,86.839,22.8144,245.86,27.4,20.8774,77.3,12.6297,82.7492,88.8245,19.8324,50.3296,40.1652,28.6321,86.3073,103.9353
2025-01-10,570.7194,503.442,213.5302,409.8135,162.4526,67.4308,556.134,71.3401,45.6188,49.9124,62.0449,31.7415,39.9141,41.5557,27.7397,21.3177,51.21,90.4465,67.1871,86.2416,80.0044,77.4021,98.5148,73.9782,72.8488,71.9733,86.3589,22.6974,248.21,27.61,21.4385,80.64,12.9474,80.7298,86.6649,19.3627,49.6998,39.6213,28.7772,86.3355,103.9636
2025-01-13,571.6042,501.824,213.9438,413.3613,163.9151,67.1312,560.6471,71.1405,45.4941,49.5973,62.2161,31.6467,39.6421,41.2548,27.8752,21.4304,50.65,90.3617,67.1211,86.0905,79.9763,77.421,98.2345,73.7732,72.7645,71.955,86.3227,22.6974,245.74,26.96,21.5933,82.23,13.0147,81.7206,87.7496,19.6215,49.5852,40.1356,28.8642,86.345,103.9824
2025-01-14,572.3908,501.3475,216.3762,415.5015,165.1936,66.8514,567.0284,71.3972,45.6668,49.7978,62.0925,31.6278,40.089,41.7499,28.4852,21.5808,50.93,90.3899,67.1683,86.1188,79.8453,77.4399,98.3466,73.8478,72.8395,72.0466,86.3951,22.7244,247.03,27.2,21.5836,81.67,13.0244,82.4661,88.5727,19.8228,50.3487,40.996,28.6805,86.3638,103.9919
2025-01-15,582.8026,512.8818,220.6304,422.4307,167.0241,68.4953,574.452,72.3096,46.2331,50.3706,63.0245,32.1301,40.6135,42.1867,28.8725,22.3418,51.28,91.1724,67.7059,87.0253,81.2214,77.6102,99.5243,74.5467,73.1111,72.679,87.1922,22.8954,248.88,27.96,21.9319,84.34,13.188,82.9379,88.9407,19.8324,50.9594,41.6389,28.6321,86.3733,104.0107
2025-01-16,581.6817,509.2885,221.0736,421.7661,168.2348,67.9556,578.7388,72.6803,46.3867,50.8289,62.625,32.4903,40.565,42.1673,28.8822,21.9566,51.05,91.3704,67.8379,87.2331,81.4836,77.6575,99.7206,74.7237,73.186,72.7615,87.2919,22.9133,250.6,28.04,21.8351,82.94,13.1495,84.6554,90.9938,20.2542,51.3889,42.0741,28.6321,86.3733,104.0202
2025-01-17,587.5217,517.8845,222.0288,425.0139,169.184,68.8512,581.2068,72.9749,46.617,51.1058,62.9389,32.585,40.8855,42.5167,29.4438,22.1257,51.18,91.3704,67.8568,87.2992,81.624,77.6385,99.8047,74.761,73.1672,72.8257,87.3644,22.9403,249.27,27.61,21.7384,82.52,13.0917,84.5987,90.897,20.2446,51.7515,42.4203,28.7385,86.4204,104.0673
2025-01-21,592.8996,520.9218,226.2929,430.2738,171.3147,69.265,591.1082,74.4481,47.5192,52.2037,64.0326,33.3433,41.3226,42.9147,29.773,22.3982,50.83,91.6721,68.0548,87.5919,82.3542,77.6669,100.3842,75.0685,73.2422,73.0181,87.618,23.0033,253.13,28.04,21.632,81.11,13.0629,86.1841,92.6305,20.5896,52.3336,43.3401,28.3711,86.4204,104.0862
2025-01-22,596.2326,527.5823,224.8157,431.4274,170.4334,70.2732,588.532,74.277,47.4137,52.1082,63.9565,33.0779,41.3518,42.8759,29.56,22.7176,50.62,91.4552,67.9133,87.3653,81.9236,77.648,100.0664,74.8542,73.1766,72.9173,87.473,22.9583,254.43,28.05,21.6126,80.43,13.034,84.6837,91.0325,20.2158,51.5988,43.2214,28.4194,86.4393,104.0862
2025-01-23,599.4868,528.704,225.8399,435.4359,171.7215,70.5348,588.5026,74.8853,47.74,52.5856,64.4986,33.3243,41.4489,43.0409,29.589,22.7458,51.09,91.3044,67.8096,87.1386,81.287,77.648,99.9262,74.8262,73.2234,73.009,87.5999,23.0033,254.07,27.77,21.5352,79.21,13.0051,85.3065,91.6911,20.3596,51.8374,43.3302,28.4097,86.4393,104.105
2025-01-24,597.7369,525.7162,225.2097,434.2041,171.6731,70.1937,587.4799,75.3035,48.0087,52.7574,65.1262,33.3338,41.7209,43.2739,30.3249,22.8679,50.68,91.4552,67.9416,87.318,81.6521,77.6953,100.1225,74.938,73.289,73.0915,87.6904,23.0123,255.65,27.91,21.5449,79.6,13.0051,85.599,91.9429,20.4459,52.0187,43.2115,28.2357,86.477,104.1428
2025-01-27,589.2816,510.41,223.053,437.1371,172.0218,68.3579,581.3936,75.3035,47.9223,53.0152,64.4225,33.5613,40.9632,42.575,30.596,23.1498,50.09,91.9643,68.3,87.8846,82.6163,77.8088,100.8141,75.3387,73.4576,73.1464,87.7901,23.0393,252.99,27.46,21.216,77.93,12.7741,86.7409,93.0081,20.7047,51.0835,41.5796,28.2453,86.4865,104.1616
2025-01-28,594.3448,517.9539,223.2992,438.3982,170.5787,69.8825,582.1115,75.2084,47.8743,52.7192,64.9646,33.4855,41.2644,42.8176,30.9445,23.2813,50.17,91.936,68.2623,87.8941,82.5602,77.8277,100.674,75.3108,73.4669,73.1189,87.7357,23.0393,255.18,27.63,21.2353,78.86,12.803,85.6934,92.03,20.4171,50.8354,41.5697,28.3614,86.4865,104.1711
2025-01-29,591.6805,516.9812,222.7871,437.1957,170.3946,69.4256,579.8008,75.1989,47.8743,52.786,64.7648,33.4286,41.2741,42.8468,30.8187,23.178,50.52,91.8794,68.2246,87.7902,82.3916,77.7804,100.5431,75.2642,73.4294,73.0731,87.6632,23.0123,254.2,28.0,21.274,77.78,12.8318,84.561,90.8195,20.1583,50.8544,41.5993,28.4194,86.4959,104.1805
2025-01-30,594.8561,519.1848,225.0521,438.7992,172.1767,69.52,586.418,76.0258,48.3926,53.3875,65.7349,33.9214,41.9735,43.5068,31.5545,23.8356,50.95,92.0115,68.3189,87.979,82.7006,77.8277,100.7674,75.4133,73.4763,73.2106,87.8444,23.0393,258.05,28.72,21.2934,77.75,12.8318,85.6368,92.03,20.3979,51.5129,42.1631,28.4194,86.5053,104.1899
2025-01-31,591.6903,518.4303,223.0333,435.4457,171.1404,69.2551,580.784,75.313,47.9319,52.8815,64.9646,33.7508,41.4975,43.0991,30.8767,23.798,50.99,91.8229,68.2246,87.8374,82.1576,77.8372,100.4403,75.2921,73.4856,73.064,87.6451,22.9943,258.56,28.51,21.2547,78.02,12.8126,85.4481,91.8267,20.3404,50.759,41.8268,28.5354,86.5336,104.2277
2025-02-03,587.7085,514.2812,220.4236,434.3506,170.6368,68.5714,574.2946,74.4291,47.3369,52.1655,64.3464,33.4381,41.1964,42.8468,30.7121,23.845,50.9,91.9099,68.2861,87.8999,82.8265,77.7831,100.5988,75.2856,73.4302,72.9719,87.5322,22.969,259.94,28.67,21.4191,77.82,12.9281,85.2687,91.5264,20.3117,50.8926,41.2136,28.6611,86.5582,104.2399
2025-02-04,591.6511,520.5942,223.4765,435.5826,170.6368,69.4604,577.6475,75.294,47.9127,52.8624,64.9265,33.6845,41.9346,43.536,31.4383,23.9108,51.43,92.0802,68.3807,88.1178,83.0802,77.859,100.7958,75.4446,73.5242,73.2021,87.7872,23.0323,262.5,29.22,21.4772,77.51,12.9762,85.3348,91.6523,20.2829,50.9117,41.2433,28.4001,86.5582,104.2494
2025-02-05,594.05,522.9567,225.9089,438.6524,171.9927,69.5829,583.1045,76.0258,48.3734,53.3971,65.7349,34.1584,41.8278,43.3418,30.9155,23.892,51.28,92.572,68.7308,88.6293,84.4519,77.9065,101.4994,75.8095,73.6087,73.3954,88.0241,23.0866,264.13,29.35,21.3417,76.09,12.8703,86.5332,93.0372,20.5609,51.3793,41.3719,28.3517,86.5677,104.2589
2025-02-06,596.1146,525.6863,225.1703,437.3717,171.7603,70.0597,582.8292,76.387,48.575,53.6071,66.0012,34.1773,42.0026,43.5457,31.2544,24.2114,50.85,92.4774,68.6551,88.5251,84.4143,77.878,101.3117,75.6785,73.5618,73.2849,87.9147,23.0504,263.43,29.38,21.3514,75.45,12.8896,86.7503,93.2599,20.6567,51.1789,41.6389,28.3324,86.5866,104.2778
2025-02-07,590.658,519.0557,222.5606,433.2264,170.6562,69.3329,575.563,75.6646,48.1911,53.0916,65.1262,34.0162,41.9637,43.5651,31.6901,23.6947,50.5,92.1842,68.4469,88.2315,83.8694,77.7926,100.8709,75.4353,73.4678,73.0548,87.6597,23.0052,263.9,29.03,21.3611,75.86,12.8992,86.4672,92.9113,20.5992,50.9308,41.2532,28.4581,86.6055,104.3062
2025-02-10,594.6693,525.3389,223.5651,434.8493,171.2857,69.9802,576.1529,76.1779,48.4982,53.5307,65.383,34.2816,42.4689,44.0019,32.5518,24.0329,50.58,92.2126,68.4658,88.2125,83.6157,77.8306,100.899,75.4914,73.5148,73.2021,87.8601,23.0504,268.37,29.2,21.6707,77.4,13.0917,86.4294,93.0372,20.5992,51.5034,41.6587,28.5451,86.615,104.3157
2025-02-11,595.1216,524.0882,222.2652,436.1496,171.9056,69.8478,573.3507,76.539,48.6902,53.9699,65.3735,34.5564,42.3037,43.8175,32.2807,24.2302,50.14,92.0045,68.3523,87.9852,83.0802,77.8116,100.6739,75.3791,73.4772,73.1744,87.7599,23.0414,267.39,29.0,21.8351,78.27,13.188,86.8069,93.4246,20.7238,51.6561,41.6389,28.4484,86.6245,104.3157
2025-02-12,593.2043,524.396,220.2168,433.725,170.9467,69.7666,569.4078,76.8242,48.7861,54.3995,64.6888,34.6607,42.5369,44.031,33.0843,23.8074,49.8,91.5221,68.0022,87.3789,81.9528,77.7072,100.1298,75.0424,73.3644,73.0179,87.5595,23.0052,267.67,29.34,21.5933,76.32,13.0532,86.0048,92.4561,20.5417,51.6274,41.085,28.4678,86.6339,104.3157
2025-02-13,599.4671,531.9398,222.6985,437.274,172.1864,70.649,574.5306,77.7556,49.4196,54.9723,65.868,34.7365,42.8088,44.264,33.0746,23.9202,50.39,92.0707,68.4091,88.0325,83.3151,77.8116,100.9084,75.4727,73.5148,73.3494,87.9512,23.0776,270.31,29.46,21.6997,76.39,13.0917,86.8635,93.2987,20.7334,51.8946,41.3323,28.2357,86.6529,104.3441
2025-02-14,599.4378,534.1732,222.5311,435.8368,171.7893,70.7731,574.2061,77.8697,49.4388,55.1919,65.9726,34.6418,43.1391,44.5358,33.9267,24.7751,49.59,92.4112,68.6267,88.402,83.7566,77.916,101.3024,75.7533,73.6558,73.4322,88.0605,23.1047,266.29,29.31,21.7094,75.82,13.1206,86.4672,92.9016,20.628,51.6847,41.4609,28.1583,86.6813,104.3914
2025-02-18,601.1976,535.3842,223.7522,435.9639,172.7385,70.7698,579.3681,78.4304,49.7747,55.5547,66.6669,34.9261,43.4111,44.7493,34.1784,24.7939,49.58,92.0423,68.3712,87.9283,82.7702,77.8495,100.8896,75.5101,73.5993,73.3678,88.0058,23.0957,270.7,29.91,22.0286,76.96,13.2939,86.8541,93.289,20.7047,51.9423,41.8763,28.2163,86.7002,104.3914
2025-02-19,602.6133,535.5331,222.9841,436.6972,173.5715,70.788,576.2021,77.6225,49.3428,54.81,66.2104,34.7271,43.3431,44.6231,33.9363,24.5121,49.76,92.1748,68.4658,88.0704,82.8735,77.9065,100.9459,75.5943,73.6558,73.423,88.0787,23.1047,270.85,29.81,22.2027,77.45,13.4094,86.9201,93.3277,20.6663,51.8087,41.5993,28.2453,86.7097,104.4198
2025-02-20,600.1062,533.2599,220.8471,432.5127,172.7869,70.4272,570.5681,77.9837,49.5348,55.3733,66.296,34.6418,43.7414,45.0988,34.5947,24.6154,50.08,92.3166,68.551,88.2504,83.1835,77.916,101.1898,75.7253,73.6839,73.4691,88.1425,23.1228,270.99,29.95,22.2318,77.76,13.4479,87.3354,93.9185,20.8197,51.7897,41.1642,28.0229,86.7286,104.4293
2025-02-21,589.842,522.1924,214.4854,425.0899,170.7917,68.8694,557.0092,77.499,49.1797,55.0965,65.7064,34.4617,43.6151,45.0405,35.0885,23.9296,49.3,92.7139,68.8538,88.7714,84.1888,78.0488,101.5463,75.9685,73.7873,73.3309,88.015,23.0957,270.74,29.59,21.9222,75.35,13.2554,86.4766,93.2309,20.6855,51.1694,40.007,28.1196,86.757,104.4671
2025-02-24,587.158,516.0283,212.9393,425.462,170.9564,68.1857,556.2816,77.4515,49.1317,54.9533,65.4115,34.4901,42.9448,44.3513,33.917,23.5444,49.26,92.8747,68.9484,88.9609,84.4331,78.1058,101.8089,76.0901,73.8625,73.423,88.0969,23.1047,272.21,29.44,21.8448,75.97,13.2169,86.8163,93.5602,20.7526,51.1312,39.6015,28.139,86.7664,104.4861
2025-02-25,584.2379,509.5267,212.1318,427.0285,171.3729,67.4325,556.075,78.1548,49.4868,55.7266,66.0677,34.8029,42.974,44.3319,34.2559,23.7511,49.25,93.4517,69.3837,89.6619,85.8893,78.2102,102.5875,76.511,74.0035,73.6072,88.3155,23.15,268.62,28.83,21.6029,74.13,13.0532,87.8827,94.6254,21.021,50.9594,39.5322,28.0326,86.7664,104.505
2025-02-26,584.5328,510.7575,212.3976,425.2759,170.7336,67.6858,557.3435,78.2593,49.5636,55.7266,66.1058,34.8313,43.4014,44.759,35.2822,23.3753,49.02,93.603,69.4877,89.9082,86.3966,78.2386,102.8033,76.6233,74.0411,73.7084,88.3975,23.1681,269.03,28.94,21.4191,73.85,12.957,87.5146,94.1702,20.906,51.0548,39.7399,28.0906,86.7854,104.505
2025-02-27,575.2026,496.5731,209.1577,423.3275,170.1525,65.9856,550.2836,77.3754,48.9781,55.0678,65.6208,34.7839,42.5563,43.9728,34.9046,23.2155,48.55,93.4611,69.4026,89.804,85.786,78.2671,102.3718,76.4736,74.0317,73.5703,88.2153,23.1409,264.93,28.4,21.4481,75.28,12.957,87.8638,94.5673,21.0114,50.4346,39.2949,28.2937,86.7948,104.5145
2025-02-28,584.179,504.4147,211.3833,429.2218,172.5254,67.166,556.3208,77.537,49.0165,55.3924,65.1167,35.1062,41.9735,43.4195,34.1106,22.6518,48.1,93.8773,69.6959,90.2966,86.8382,78.4095,102.822,76.7449,74.1351,73.7729,88.4613,23.2043,263.27,28.31,21.2837,75.22,12.8607,88.6093,95.3033,21.1648,51.0262,39.7696,28.4194,86.8138,104.5523
2025-03-03,573.9442,493.3769,205.6027,423.0729,170.937,65.532,543.6467,78.3924,49.3812,56.1657,65.8205,35.4663,41.6043,43.0021,33.4135,22.68,47.8,94.0804,69.8563,90.6244,87.2435,78.4599,103.1469,76.9017,74.2096,73.6193,88.2671,23.1424,266.74,28.75,21.1482,73.32,12.7645,89.0245,95.7779,21.3181,50.7876,38.6915,28.1487,86.8318,104.5694
2025-03-04,567.1505,491.888,203.2786,416.6889,167.4987,65.1364,535.2401,78.3734,49.2468,56.2517,65.2784,35.5895,41.954,43.3709,33.9267,22.4639,47.85,93.8432,69.657,90.3393,86.1691,78.4694,102.8079,76.8172,74.2379,73.6101,88.1664,23.1333,269.06,29.0,21.216,73.31,12.7885,87.9959,94.7126,21.0689,50.7208,37.8607,27.8972,86.8318,104.5789
2025-03-05,573.246,498.3002,205.2974,421.4866,168.8934,66.0916,541.8475,80.2458,50.4082,57.6455,66.7144,35.9402,43.2071,44.662,35.6211,23.0934,48.93,93.5206,69.4102,89.8358,85.4811,78.3838,102.4784,76.5543,74.1247,73.6471,88.203,23.1424,269.62,29.77,21.1579,71.42,12.7548,88.9773,95.8553,21.2606,50.7781,38.6817,27.5588,86.8413,104.5979
2025-03-06,563.0703,484.5923,202.1559,417.0121,167.4697,64.2077,533.2637,79.4189,49.9379,57.1491,66.2009,35.3052,42.9351,44.429,35.7953,23.084,48.94,93.4257,69.3533,89.7883,85.1983,78.4314,102.1582,76.4229,74.1247,73.3696,87.8916,23.0604,268.25,29.69,21.0515,71.13,12.7259,86.6937,93.2987,20.7718,49.8906,38.2168,27.5395,86.8508,104.6074
2025-03-07,566.2263,488.1557,202.8157,419.3228,168.9612,64.3484,537.0493,80.2458,50.4658,57.9129,66.7335,35.8549,43.1488,44.6134,35.7857,23.3189,49.08,93.3118,69.2774,89.6743,84.925,78.4219,101.9981,76.3478,74.0964,73.4898,88.0198,23.0968,268.39,29.59,21.2353,72.09,12.8222,87.2127,93.9088,20.9251,50.5395,38.4146,27.4524,86.8888,104.6549
2025-03-10,551.1445,469.2367,197.7146,410.7358,166.8788,61.7312,525.673,78.3544,49.3044,56.3185,65.3164,35.1156,42.1192,43.6136,34.8271,22.8303,48.36,93.7578,69.6,90.3013,85.8109,78.5646,102.3465,76.5825,74.2001,73.2123,87.681,23.0149,266.04,29.11,21.0999,70.89,12.7452,86.3728,93.0178,20.7143,50.3964,37.5146,27.4718,86.8983,104.6644
2025-03-11,546.5629,468.115,197.6949,406.085,164.8449,61.5491,522.7234,78.0883,49.1701,56.223,64.917,35.0303,42.4689,43.9242,35.2338,22.9055,48.66,93.4257,69.3343,89.9783,85.1983,78.517,101.678,76.1976,74.087,72.9534,87.2872,22.9421,269.16,29.96,21.216,71.45,12.8126,85.3631,91.8944,20.4842,50.3773,37.4157,27.3171,86.9078,104.6834
2025-03-12,549.4633,473.3957,198.0396,405.3115,164.1088,62.395,522.4284,78.649,49.5348,56.3853,66.1153,35.182,42.702,44.0796,35.195,22.9994,48.73,93.1506,69.192,89.7123,84.6894,78.4599,101.3766,75.9911,73.9738,73.0366,87.3696,22.9512,270.33,30.22,21.216,72.8,12.8222,85.0989,91.5555,20.3692,50.3487,37.5245,27.3847,86.9173,104.6834
2025-03-13,542.1387,464.8791,195.0852,400.2493,163.2662,61.1021,514.1987,78.1263,49.1605,56.0321,65.868,35.1915,42.5271,43.9437,35.4274,23.3001,48.51,93.4352,69.4007,90.0733,85.4339,78.517,101.6968,76.1882,74.0398,72.6296,86.875,22.8328,275.13,30.74,21.1386,71.62,12.7837,83.4192,89.8123,20.0145,50.3296,36.9014,27.4814,86.9363,104.6929
2025-03-14,553.337,476.1154,199.8023,406.692,165.9103,62.6301,526.7644,79.5614,50.1011,57.0918,66.9046,35.7412,43.3043,44.7299,36.4634,24.2772,48.91,93.2454,69.2299,89.7598,84.9816,78.4599,101.6497,76.1225,74.0115,72.9626,87.3055,22.933,275.24,30.71,21.2547,72.28,12.8222,85.0895,91.6426,20.3979,51.4079,37.9102,27.4524,86.9553,104.7404
2025-03-17,557.6039,479.2024,202.3233,410.4617,168.1186,62.8337,534.6205,80.4549,50.6961,57.6837,67.6084,35.9876,44.0425,45.3415,37.3251,24.8503,49.44,93.3688,69.3248,89.8358,85.4057,78.4314,101.8569,76.207,74.0304,73.1383,87.5345,22.9785,276.73,30.81,21.3998,72.71,12.9281,86.5427,93.0856,20.7143,52.0759,38.2663,27.3461,86.9742,104.7404
2025-03-18,551.5771,471.0333,200.5665,407.8376,167.2857,61.804,530.1959,80.4454,50.6289,57.9319,67.4182,35.9687,43.8191,45.225,37.267,24.963,49.88,93.4637,69.4007,89.9403,85.4905,78.4314,102.1017,76.3572,74.1058,73.0088,87.3788,22.9421,279.96,30.85,21.3514,72.21,12.8992,86.0897,92.725,20.6376,51.7419,38.0289,27.3267,86.9742,104.7499
2025-03-19,557.5842,477.3364,203.6854,411.6464,168.3026,62.7509,536.823,80.683,50.8593,57.8651,68.1885,36.0066,43.9259,45.2929,37.1121,25.3107,50.61,93.7388,69.6095,90.2158,85.9334,78.5456,102.7043,76.6952,74.285,73.4898,87.9008,23.0604,281.11,30.75,21.4868,72.42,12.9762,86.1935,92.8611,20.6567,52.0855,38.5234,27.3944,86.9837,104.7594
2025-03-20,555.9719,475.7184,202.3924,411.3526,167.9636,62.5986,533.0375,80.0081,50.4658,57.3018,67.8271,35.9023,43.518,44.8852,36.0471,24.9724,50.76,93.7957,69.638,90.3489,85.99,78.5646,102.5537,76.667,74.285,73.3881,87.7909,23.024,280.75,30.5,21.5255,73.73,12.9955,86.1369,92.6569,20.6088,52.1523,38.286,27.4718,87.0027,104.7784
2025-03-21,556.1553,477.2867,201.139,411.6479,167.0629,62.9661,530.1576,79.5139,50.1881,56.8245,67.8367,35.5706,43.3043,44.6783,35.3984,24.963,51.47,93.6819,69.581,90.2729,85.4811,78.6122,102.4124,76.6388,74.3321,73.2771,87.6993,23.0058,278.49,30.02,21.3998,73.79,12.9185,85.1838,91.7821,20.3596,51.761,37.8311,27.5588,87.0312,104.8163
2025-03-24,566.1152,487.7604,206.143,417.4064,169.0581,64.4295,543.1481,79.5044,50.2556,56.7386,67.6845,35.5706,43.4985,44.8143,35.5049,24.606,52.12,93.3213,69.2774,89.7503,84.6046,78.5075,101.9699,76.3572,74.219,73.4898,88.0381,23.0877,277.25,29.96,21.4772,74.88,12.9666,86.4955,93.0458,20.6567,52.0569,38.8597,27.6071,87.0312,104.8258
2025-03-25,567.476,490.5439,204.9981,417.7301,168.5544,64.8434,541.5613,79.9416,50.5256,57.0536,68.1695,35.6748,43.3723,44.7657,35.1466,24.8221,52.04,93.4067,69.3628,89.9023,84.5951,78.5361,102.0735,76.4792,74.285,73.4528,87.9465,23.0695,278.47,30.58,21.5062,74.82,12.9762,85.525,92.0154,20.4363,52.095,38.9091,27.5781,87.0407,104.8353
2025-03-26,560.7014,481.5175,202.9155,416.1703,168.7578,63.4081,538.1707,78.9056,49.9181,56.2612,67.2851,35.5516,43.11,44.4936,35.1176,24.7094,51.4,93.179,69.211,89.6933,84.0391,78.517,101.6591,76.3009,74.2473,73.1568,87.5253,22.9876,278.24,30.53,21.4772,75.42,12.9666,85.8587,92.5209,20.5316,51.9423,38.4443,27.7038,87.0502,104.8448
2025-03-27,559.2122,478.7738,201.9483,414.9049,168.3906,63.0865,534.2676,79.0767,49.9759,56.3185,67.1899,35.6938,43.3237,44.7851,35.5145,24.7376,51.79,93.1316,69.1825,89.6173,83.7941,78.5551,101.5367,76.2633,74.2661,73.0181,87.3604,22.9512,281.97,31.32,21.5352,75.48,13.0051,85.6394,92.2292,20.4835,51.9042,38.1377,27.6168,87.0692,104.8638
2025-03-28,547.9507,466.1688,197.8424,407.7238,166.4226,61.4024,524.579,78.3734,49.4071,56.2039,65.83,35.6275,42.5174,44.0272,34.7012,24.3899,51.28,93.6724,69.581,90.3393,84.9533,78.6979,102.1488,76.667,74.4359,72.8886,87.1956,22.8875,284.06,31.0,21.4675,74.77,12.957,85.525,92.0931,20.5124,51.9805,37.1981,27.5685,87.0977,104.8923
2025-03-31,551.6289,466.1489,196.8949,411.903,168.2834,61.4671,525.811,77.6796,49.0117,55.5643,65.2023,35.5137,42.4494,43.9786,34.7012,24.2866,51.48,93.8526,69.7044,90.6054,85.7921,78.755,102.3465,76.7515,74.4359,72.9718,87.278,22.9057,288.14,30.99,21.7674,77.33,13.1206,86.3163,93.0749,20.7146,52.1714,37.3168,27.5975,87.0977,104.9018
2025-04-01,553.187,469.9066,196.9146,411.6185,167.8937,62.0224,528.6594,77.7936,49.1853,55.6502,64.8599,35.4853,42.5854,44.1244,34.6238,24.559,51.05,94.2001,69.9234,90.9237,86.5355,78.7837,102.7123,76.9296,74.5106,73.141,87.5101,22.9414,287.57,30.63,21.7771,77.08,13.1399,86.3544,93.1332,20.7339,52.4099,37.5739,27.6265,87.1177,104.9247
2025-04-02,556.6877,473.3362,200.0237,414.0121,168.8094,62.5395,537.0273,77.9742,49.3203,55.7648,64.879,35.6464,42.6437,44.1633,34.4108,24.559,51.56,94.0954,69.8663,90.8379,86.4787,78.7264,102.9487,77.0238,74.5106,73.2897,87.6759,22.978,288.16,30.76,21.9125,77.74,13.2169,86.8787,93.5318,20.8205,52.8585,38.2069,27.5105,87.1272,104.9342
2025-04-03,529.2538,447.9968,187.1829,397.5215,162.5356,58.9409,501.1901,76.3394,48.2886,54.9246,62.2066,35.3336,41.7403,43.3665,34.1009,24.7376,51.18,94.5904,70.2281,91.7719,86.876,79.0225,102.9392,77.2877,74.7283,72.3788,86.4786,22.7124,286.42,28.89,21.0321,72.25,12.6874,83.9138,90.6253,20.1753,52.5722,35.6749,27.027,87.1367,104.9438
2025-04-04,498.2697,420.1722,178.833,375.9394,152.891,55.3671,476.786,71.3021,45.2319,51.354,58.4976,32.8125,39.4187,40.9373,31.6997,23.0182,49.19,94.6761,70.2852,92.0293,87.8218,78.9747,102.8258,77.0804,74.6053,71.3471,85.1432,22.3275,279.72,27.08,20.2679,67.92,12.2158,80.272,86.6204,19.2701,49.6043,34.0232,27.3267,87.1653,104.9914
2025-04-07,497.3822,421.1862,177.2143,372.3588,151.644,55.4334,471.71,69.5818,44.2484,49.7883,58.3169,31.552,37.9519,39.2854,29.0468,22.5015,49.13,93.4766,69.4378,90.9332,85.1735,78.9843,100.8218,75.9589,74.0942,70.7336,84.3696,22.1626,273.71,27.14,19.9486,65.98,12.0329,78.1651,84.2486,18.7115,48.5928,33.954,27.4428,87.1749,105.0009
2025-04-08,489.5918,413.6013,172.5458,369.3275,149.7054,54.6162,461.4891,69.3442,44.017,49.4541,58.6307,31.4572,37.4177,38.7607,28.6498,22.0223,49.16,92.9912,69.0379,90.4757,83.5655,78.9365,99.5457,75.3086,73.9428,70.4083,84.0197,22.0985,275.2,27.14,19.5036,63.34,11.7537,76.0678,82.1198,18.2396,48.2397,33.41,27.3171,87.1939,105.02
2025-04-09,541.0084,463.2462,187.2125,398.3652,159.6422,60.9665,504.6595,74.6952,47.305,53.0343,63.091,33.2769,40.0113,41.2871,30.6734,23.2155,51.22,93.2006,69.1998,90.1898,84.0574,78.8887,101.2094,76.0343,74.3308,72.2952,86.2852,22.6757,285.38,28.06,20.2098,67.58,12.235,80.6057,86.9218,19.3182,50.4346,36.5552,27.3557,87.1939,105.02
2025-04-10,517.3019,443.5432,179.3462,388.1627,155.4726,58.5613,483.5671,73.222,46.3697,52.5092,61.0749,32.8599,39.3216,40.7526,30.5572,22.727,50.52,92.4676,68.6476,89.6275,81.7401,78.8792,99.489,75.2332,73.8955,71.1147,84.8853,22.3001,292.35,28.28,19.9583,65.32,12.0425,78.7657,84.8804,18.8848,50.3487,35.3288,26.7852,87.2034,105.02
2025-04-11,526.5321,451.7147,181.9617,394.2744,157.6549,59.7067,490.3186,75.0564,47.6425,53.8076,62.5965,33.7129,40.5552,41.8798,31.8934,23.1967,50.76,92.3724,68.5714,89.1224,82.1846,78.7359,99.4701,74.9788,73.763,71.3285,85.088,22.3917,297.93,29.19,20.2485,66.46,12.2158,79.7286,86.1247,19.1449,51.3507,35.9222,26.5435,87.2416,105.0676
2025-04-14,531.6402,454.7765,184.1035,397.7177,159.7299,60.1012,496.5182,75.8642,48.1921,54.2754,63.6236,34.2626,40.9244,42.2685,32.3097,23.4974,51.03,92.915,68.9618,89.8372,82.771,78.9078,100.0845,75.45,74.0564,71.6817,85.5853,22.4925,296.23,29.38,20.2582,66.66,12.1965,81.3779,87.9327,19.5301,52.0282,36.2585,26.4564,87.2416,105.0772
2025-04-15,530.1511,455.2835,184.3305,396.0402,159.0382,60.0482,495.7494,76.5485,48.52,54.8291,64.1372,34.7365,40.8855,42.2782,32.1258,23.3565,51.13,93.1054,69.1331,90.104,83.0642,78.9078,100.6233,75.7799,74.1415,71.8769,85.834,22.5474,297.78,29.41,20.2098,66.48,12.1676,81.6258,88.1757,19.5879,52.1332,36.0805,26.6015,87.2606,105.0867
2025-04-16,518.3669,441.5551,182.5638,389.2321,157.2165,58.2165,490.22,76.2539,48.4139,54.6859,63.5095,34.6418,40.4095,41.7438,31.3899,23.2907,51.13,93.4005,69.3236,90.4948,83.5277,79.0129,101.0487,76.072,74.3214,71.8676,85.7603,22.5291,307.47,29.76,20.4614,67.75,12.312,81.5686,88.0591,19.6167,52.3336,35.6156,26.3791,87.2701,105.1057
2025-04-17,519.1065,441.4756,184.0541,384.1155,157.5866,58.3707,494.5667,77.0808,48.9346,55.1728,64.7363,35.0398,40.7204,42.0741,31.3705,23.6947,52.26,93.1625,69.1712,90.2375,82.79,79.0416,100.9069,76.0909,74.416,72.2859,86.3129,22.6574,306.12,29.55,20.6742,69.48,12.4083,82.7889,89.3616,19.9153,52.8966,35.8134,26.3984,87.3082,105.1534
2025-04-21,506.7504,430.5505,180.3628,374.5558,154.6543,56.7628,483.2419,76.6626,48.7032,54.8387,64.5937,34.8977,40.7107,42.1227,31.3996,23.6759,53.0,92.6009,68.7904,89.7514,81.3428,78.9938,99.8198,75.5914,74.2835,71.8583,85.7879,22.5474,315.59,29.79,20.5,68.62,12.312,81.0633,87.5536,19.5301,52.1618,34.9134,26.147,87.3178,105.1629
2025-04-22,519.9349,441.8533,185.0313,384.6161,158.142,58.2861,495.3847,78.2498,49.6578,55.9652,65.8775,35.618,41.3226,42.7835,32.3969,24.296,53.5,92.7722,68.9142,89.8181,81.7968,79.0225,100.0656,75.7045,74.2835,72.1372,86.1102,22.6116,311.11,29.5,20.5968,69.37,12.3409,82.6363,89.3033,19.8671,53.1161,35.8332,26.2921,87.3178,105.1725
2025-04-23,527.9915,451.8737,187.7751,388.5813,159.1356,59.7481,501.7124,78.5635,49.8024,56.1848,66.0773,35.5895,41.7986,43.2013,32.7551,24.7188,53.18,93.0007,69.057,89.9134,82.5913,78.9652,100.5099,75.8647,74.274,72.4997,86.6076,22.749,303.65,30.56,20.442,68.05,12.2543,82.7889,89.4297,19.8575,53.1352,36.4959,26.5338,87.3368,105.182
2025-04-24,539.1052,464.5882,191.5355,393.5575,160.821,61.4836,512.4163,79.609,50.4388,56.9581,66.8381,35.9118,42.2843,43.7454,33.0262,25.1228,53.74,93.5147,69.4473,90.3995,83.4615,79.0607,101.5402,76.4678,74.5769,73.1503,87.3535,22.9231,308.07,30.56,20.6258,68.46,12.3505,83.094,89.7505,19.9249,53.7555,37.5739,26.4178,87.3368,105.1915
2025-04-25,543.0004,469.7674,191.5947,393.5967,160.4995,62.4053,510.0705,79.9511,50.5545,57.1109,67.3041,35.9592,42.2066,43.5997,32.9003,25.3107,52.85,93.8574,69.6759,90.7426,84.0763,79.1275,102.079,76.7976,74.7094,73.2154,87.5101,22.9597,304.73,30.05,20.6548,69.03,12.3794,82.9509,89.5852,19.8768,53.7364,37.5344,26.4855,87.375,105.2297
2025-04-28,543.2074,469.6183,192.4041,394.8236,161.0256,62.3257,511.9431,80.4834,50.9016,57.426,68.2266,36.1961,42.2843,43.7163,32.9197,25.5643,53.29,94.1144,69.8472,91.1048,84.606,79.2422,102.3153,76.9767,74.8419,73.2525,87.5193,22.9597,309.07,30.19,20.5387,67.76,12.3216,83.4658,90.1587,20.0501,54.0704,37.5146,26.3211,87.3845,105.2392
2025-04-29,546.6294,472.7198,193.5391,397.7092,161.9706,62.7815,514.3777,80.6449,51.0559,57.5978,68.4929,36.3478,42.4009,43.8718,32.7261,25.7053,53.54,94.3429,70.0282,91.4193,85.3154,79.2899,102.5516,77.1181,74.8987,73.4477,87.7404,23.0239,306.06,29.83,20.2775,65.85,12.1676,83.9138,90.7614,20.1175,54.0322,37.7223,26.4081,87.3845,105.2392
2025-04-30,546.8463,472.6602,192.3251,398.8182,162.1849,62.7053,513.3132,80.5499,50.9787,57.5596,67.9318,36.1108,42.5077,43.9689,32.7842,25.4046,53.57,94.2572,69.9805,91.5623,84.6249,79.395,102.0696,77.071,74.9365,73.0574,87.2246,22.8956,303.77,29.6,19.9002,63.56,11.9751,84.2094,91.0725,20.2523,53.8128,37.9597,26.5048,87.394,105.2678
2025-05-01,550.7217,478.8335,193.5194,399.8782,161.7952,63.6253,516.1321,80.2933,50.7666,57.34,67.6845,35.9023,42.498,43.9495,32.7164,25.2543,53.54,94.0003,69.7857,91.1635,84.1958,79.2311,101.7108,76.7919,74.796,73.1517,87.3348,22.9094,297.46,29.39,19.997,64.52,12.0136,84.4858,91.3252,20.3005,53.87,38.4047,26.6595,87.415,105.2792
2025-05-02,558.8967,485.9412,197.872,405.3942,164.2015,64.5303,528.2751,81.833,51.6923,58.4188,68.3692,36.5847,43.7122,45.1252,33.8008,25.4798,53.91,93.5419,69.4418,90.5516,83.2844,79.0778,101.4641,76.5837,74.6725,73.3759,87.5849,22.9832,297.98,29.12,20.0841,64.01,12.0714,85.525,92.307,20.5316,54.5189,39.2256,26.6208,87.4437,105.2984
2025-05-05,555.6918,483.0583,196.3521,404.6287,163.3637,64.1706,527.2697,81.9756,51.7887,58.6384,68.8447,36.6226,44.0425,45.4848,33.7621,25.0946,54.32,93.3796,69.3463,90.389,82.8193,79.0683,101.3217,76.5459,74.7105,73.3479,87.5478,22.9647,306.88,29.48,19.968,62.37,11.9847,85.3343,92.2098,20.4931,54.4999,39.1465,26.5725,87.4437,105.3079
2025-05-06,551.0472,478.5651,194.2103,400.6831,162.2726,63.5954,523.4356,81.871,51.7791,58.4379,68.8828,36.5563,43.8677,45.2613,34.1494,25.0006,53.68,93.6088,69.4991,90.6185,83.0946,79.1353,101.521,76.6689,74.7675,73.2918,87.5015,22.9463,315.48,30.22,20.2679,64.6,12.158,84.6765,91.5293,20.3679,54.9579,38.7707,26.4081,87.4628,105.3175
2025-05-07,553.3646,480.4439,194.8518,403.441,163.2857,63.7628,524.983,81.5954,51.5959,58.2279,68.4548,36.4236,43.3625,44.6977,33.3748,24.8033,53.22,93.752,69.6328,90.8575,83.4458,79.1641,101.7298,76.8202,74.8054,73.3572,87.5201,22.9555,310.75,29.49,20.0163,63.51,12.0329,84.7718,91.5196,20.3679,55.1774,38.8894,26.6015,87.4628,105.3366
2025-05-08,557.2203,485.4044,198.5629,406.2187,163.9677,64.3115,531.4882,81.3103,51.4223,57.9606,68.3122,36.1203,43.3334,44.62,33.8879,25.818,51.54,93.265,69.2603,90.15,82.5155,79.0012,101.2173,76.5175,74.6345,73.3385,87.5478,22.9463,304.63,29.46,20.2775,65.6,12.1676,84.4382,91.1211,20.2812,54.6144,39.6114,26.8239,87.482,105.3462
2025-05-09,556.5103,485.0863,198.1977,404.7857,163.6949,64.2717,530.8475,81.7094,51.7598,58.2947,68.4834,36.2909,43.6248,44.9406,33.7233,25.8932,52.39,93.3605,69.3177,90.2169,82.6389,79.0395,101.1793,76.508,74.663,73.3853,87.5663,22.9739,306.84,29.8,20.4323,66.61,12.2831,85.0006,91.7335,20.4353,54.7193,39.7202,26.7465,87.5106,105.3749
2025-05-12,574.9014,504.8488,205.1659,416.377,167.1143,66.9554,549.5349,82.1276,52.0105,58.3425,69.2347,36.2435,44.5671,45.9512,34.8949,25.8274,54.32,93.0453,69.0788,89.6432,81.8699,78.8958,101.1604,76.4324,74.5965,74.114,88.5851,23.2136,298.19,29.63,20.5678,67.6,12.3602,85.4201,92.0154,20.4642,54.2327,41.1048,27.1237,87.5106,105.3844
2025-05-13,578.6981,512.5431,205.916,413.7074,166.296,68.0444,551.2499,82.2322,52.0972,58.6289,68.7116,36.4141,44.6448,46.0289,34.6044,26.6166,54.01,92.9498,69.0502,89.5762,81.5377,78.8766,101.2458,76.5175,74.663,74.2448,88.724,23.2413,299.46,29.93,20.887,69.59,12.5238,84.3333,90.8878,20.2138,54.5189,41.4609,26.8916,87.5298,105.394
2025-05-14,579.4377,515.6148,204.0901,412.7652,165.088,68.5533,549.4955,81.833,51.8851,58.3616,67.9508,36.253,44.9848,46.4079,35.1563,26.4945,53.97,92.6824,68.8114,89.2416,80.9966,78.8191,100.7333,76.2337,74.5205,73.9738,88.3999,23.1675,293.16,29.25,20.7806,68.73,12.4468,83.5039,90.081,20.0212,54.5285,41.3026,26.9496,87.5298,105.394
2025-05-15,582.2679,516.1815,205.4225,415.641,167.0169,68.4754,550.8065,82.7264,52.4347,59.0203,68.7592,36.7743,44.9653,46.3301,34.6141,26.316,54.77,93.2077,69.1839,89.8249,81.7086,78.9724,101.4546,76.7256,74.7675,74.114,88.5573,23.186,297.84,29.61,20.5774,67.59,12.3216,85.0293,91.6654,20.4064,55.4542,41.4312,26.8819,87.5393,105.4131
2025-05-16,585.956,518.4282,207.1201,418.9727,168.6341,68.8467,556.8088,82.9165,52.5504,59.2017,68.9398,36.8691,44.9362,46.3787,34.5076,26.3066,54.66,93.265,69.2317,89.8535,81.9269,78.9533,101.6444,76.8108,74.796,74.198,88.6684,23.2136,294.24,29.3,20.5,68.1,12.2639,86.0875,92.8222,20.6472,55.7595,41.9356,26.9593,87.5776,105.4514
2025-05-19,586.5969,518.9252,206.2516,420.4362,168.8484,68.8716,554.67,83.7054,52.9747,59.9846,69.0159,37.2766,45.0333,46.5731,34.7206,26.4757,54.78,93.2363,69.2126,89.8057,81.6896,78.982,101.6539,76.8581,74.8719,74.1607,88.6129,23.2136,298.03,29.42,20.471,68.51,12.2254,86.1065,92.9291,20.6953,56.0744,41.8862,26.7755,87.5776,105.4514
2025-05-20,584.6247,517.1955,206.3601,419.3853,168.5172,68.54,553.1424,84.1046,53.2254,60.4619,69.4154,37.542,44.9848,46.4759,35.1079,26.4569,54.07,93.0739,69.0884,89.691,81.101,78.9916,101.4071,76.7919,74.8719,74.1233,88.5758,23.2044,303.58,30.13,20.7322,68.66,12.3987,85.6013,92.4334,20.5798,56.4085,41.6488,26.6982,87.5967,105.4705
2025-05-21,574.7733,510.0081,200.5665,411.3112,165.4972,67.5206,538.3481,83.6103,52.9361,60.2233,68.7687,37.3714,44.8682,46.3593,34.9433,25.9965,54.03,92.4628,68.6586,89.0695,79.715,78.9437,100.2777,76.1769,74.6725,73.6282,87.9831,23.0754,305.82,30.51,20.7032,67.59,12.3794,83.3227,89.9352,20.0405,55.855,40.818,26.5822,87.6063,105.48
2025-05-22,575.0002,510.9625,200.5566,411.38,164.8152,67.7129,537.7173,83.5628,52.8783,60.1182,68.8257,37.4662,44.7225,46.2524,34.769,25.8556,53.79,92.7301,68.8496,89.4041,80.1327,78.9916,100.7902,76.4513,74.7864,73.7776,88.1313,23.1122,303.11,30.03,20.5968,67.14,12.3024,82.9414,89.5658,19.9538,55.5019,40.7191,26.6595,87.6254,105.4992
2025-05-23,571.0753,506.2306,199.925,408.9343,164.6788,67.0316,536.8302,83.6769,53.0615,59.9273,69.4534,37.7979,44.907,46.4467,34.8271,25.9777,54.58,92.8639,68.9547,89.6623,80.2656,79.0395,100.8661,76.5553,74.8244,73.759,88.0943,23.1122,309.75,30.45,20.7129,67.99,12.3794,83.0272,89.6338,19.9634,56.0554,40.7488,26.4661,87.6636,105.547
2025-05-27,582.9484,518.1398,204.9981,416.3207,167.202,68.6329,548.6972,84.8934,53.8039,60.6529,71.2794,37.978,44.8002,46.2816,34.4689,26.2972,54.53,93.2841,69.2794,90.0352,81.3858,79.0683,101.7772,76.9811,74.9479,74.2074,88.6592,23.2229,304.5,30.23,20.5291,67.28,12.2831,84.4763,91.1114,20.3198,56.2748,41.629,26.6112,87.6636,105.547
2025-05-28,579.5757,515.8434,202.8366,413.9339,165.9745,68.3693,541.5217,83.9145,53.3122,60.0132,70.005,37.5989,44.5962,45.9998,34.1203,26.0153,54.29,93.1122,69.1266,89.7866,81.0345,79.0108,101.5305,76.8297,74.8814,74.1607,88.6129,23.2321,303.81,29.98,20.4614,67.89,12.2254,84.3905,91.0044,20.2909,55.7214,41.1543,26.6982,87.6732,105.5565
2025-05-29,581.8635,516.8575,203.4386,414.9554,166.7052,68.5467,543.0495,84.2851,53.5243,60.3378,70.4044,37.7126,44.7613,46.2038,34.4882,26.0247,54.59,93.456,69.375,90.1595,81.7845,79.097,101.986,77.0946,74.9954,74.2728,88.724,23.2505,305.61,30.3,20.3549,67.19,12.1676,85.1532,91.8015,20.4835,56.0267,41.1741,26.5531,87.6827,105.5852
2025-05-30,581.2128,516.0423,202.4023,415.3384,166.9682,68.482,540.8318,84.4087,53.5918,60.3951,70.49,37.8358,44.2174,45.6694,33.8879,25.5643,54.31,93.6852,69.5087,90.4273,81.9079,79.1928,102.2803,77.3122,75.1189,74.3382,88.8259,23.2597,303.6,30.0,20.2001,67.15,12.0714,85.1532,91.8987,20.5027,56.3035,41.0554,26.5435,87.7114,105.6044
2025-06-02,584.4867,520.1181,203.034,416.1832,167.241,68.9777,540.3588,85.3116,54.2089,60.9297,71.365,38.1865,44.5379,45.99,34.2268,25.6207,54.54,93.4389,69.3553,90.1203,81.1456,79.1274,101.9907,77.1773,75.0779,74.325,88.8222,23.2551,311.67,31.59,20.6258,69.55,12.3216,85.2676,91.9473,20.5027,56.9142,41.0949,26.3597,87.7268,105.6206
2025-06-03,587.8198,524.1839,206.3108,418.4423,168.1275,69.4849,547.0314,84.6653,53.8136,60.3474,70.4995,37.9685,44.6448,46.0969,34.5657,25.912,53.96,93.3718,69.2787,90.0339,81.0027,79.1082,102.0383,77.1963,75.0588,74.4659,89.0271,23.3015,308.91,31.44,20.7613,69.89,12.4083,85.096,91.7626,20.4449,56.7043,41.6983,26.5338,87.746,105.6399
2025-06-04,587.662,525.6452,205.7285,417.3913,167.2605,69.7335,545.7895,85.0455,54.0932,60.8438,70.452,38.0917,45.1985,46.5536,35.2144,25.7804,53.92,93.9276,69.7099,90.6959,82.3177,79.2524,102.7813,77.6238,75.2304,74.6067,89.232,23.3479,310.9,31.34,20.6839,69.34,12.3505,85.3343,92.0057,20.4449,56.4562,41.7081,26.4178,87.746,105.6495
2025-06-05,584.8219,521.6887,205.8173,416.4385,166.9,69.2329,544.9518,84.9885,54.0932,60.882,69.7958,38.1201,45.4316,46.6702,35.4661,25.9307,54.18,93.688,69.5758,90.4273,82.3748,79.1659,102.4669,77.3198,75.097,74.4471,89.0457,23.3108,309.33,32.45,20.7806,69.93,12.4083,85.2676,91.9279,20.4449,56.6661,41.7477,26.3984,87.7556,105.6783
2025-06-06,590.8275,526.7883,209.1434,420.7702,168.5562,69.949,550.3333,85.2926,54.2668,61.0825,70.2047,38.2434,45.5773,46.8743,35.4274,26.0435,54.91,93.209,69.202,89.7077,81.3267,79.0313,101.8478,76.9684,74.9253,74.4377,89.055,23.3108,305.18,32.69,20.9451,71.38,12.4949,85.6775,92.307,20.5412,56.8856,42.1631,26.5338,87.7843,105.6878
2025-06-09,591.3599,527.5638,210.5845,420.7505,168.6341,70.012,551.8019,85.2831,54.286,61.0252,70.3093,38.2339,45.9658,47.2144,35.8825,25.9495,55.24,93.3239,69.3074,89.8708,81.4124,79.089,102.1526,77.1393,75.0016,74.4753,89.1481,23.32,306.62,33.39,20.9644,72.05,12.5045,85.7919,92.4042,20.5701,56.3512,42.1433,26.4661,87.8035,105.7166
2025-06-10,594.7128,531.053,211.7195,421.9783,169.5206,70.3949,553.5563,85.3972,54.4114,61.0825,70.2618,38.2054,46.2281,47.5642,36.0374,26.0435,55.26,93.5347,69.4416,90.0243,81.8317,79.089,102.4003,77.2533,75.0397,74.6536,89.3437,23.3571,306.71,33.23,20.916,71.6,12.466,86.526,93.2305,20.7242,56.4371,42.2126,26.4951,87.8131,105.7262
2025-06-11,593.0166,529.2637,210.851,421.9685,169.2478,70.1645,550.6683,85.2546,54.4018,61.0061,70.062,38.3002,46.4224,47.7197,36.2214,26.5133,55.33,93.8509,69.662,90.3985,82.0794,79.214,102.7241,77.5288,75.1828,74.6348,89.2972,23.3571,308.37,32.95,21.2547,74.82,12.6682,86.0589,92.7444,20.5894,56.5993,42.0444,26.3984,87.8131,105.7358
2025-06-12,595.3735,530.5062,210.012,422.8427,170.2415,70.3054,551.1514,85.9104,54.826,61.6649,70.5756,38.6509,46.5001,47.7294,36.0761,26.4475,54.8,94.1959,69.9208,90.7918,83.0609,79.2813,103.2957,77.8042,75.2876,74.7193,89.4089,23.3664,312.2,33.06,21.2547,75.05,12.6778,86.4783,93.2207,20.6953,57.0955,42.1137,26.205,87.8227,105.755
2025-06-13,588.7171,523.8459,206.1726,415.2991,168.9069,69.3423,542.6553,84.8079,54.1607,60.5765,69.9955,38.3097,45.7619,47.0103,35.4177,26.4381,54.04,93.8605,69.6716,90.456,82.2605,79.2236,102.6765,77.4718,75.1637,74.494,89.1295,23.3108,316.29,32.97,21.9125,80.22,13.034,85.6394,92.4042,20.5027,56.7043,41.5004,26.2727,87.8611,105.7934
2025-06-16,594.3184,531.1326,208.6034,418.7075,169.7252,70.2208,548.8253,85.126,54.4307,60.7631,70.1307,38.3203,46.3229,47.4476,36.0059,27.0937,54.56,93.6689,69.5374,90.197,81.4315,79.214,102.4955,77.4338,75.1923,74.6442,89.3344,23.3757,311.78,33.03,21.8641,78.59,13.034,85.7061,92.4286,20.5124,56.6393,41.9257,26.3017,87.8611,105.7934
2025-06-17,589.2397,525.9534,206.4062,415.5938,168.3223,69.6639,544.0746,84.0817,53.7461,59.937,69.2966,37.9141,45.7148,46.9131,35.5837,26.9023,53.83,93.9563,69.7578,90.6383,82.4225,79.2524,102.848,77.6143,75.2304,74.5597,89.2133,23.3386,311.94,33.74,22.3285,82.3,13.2939,85.4011,92.0866,20.4546,56.1541,41.5697,26.4758,87.8803,105.803
2025-06-18,589.151,525.8639,207.4949,415.3286,168.5756,69.5528,546.1542,84.2268,53.8907,59.8495,70.0348,37.9335,45.705,46.7868,35.1025,26.8735,53.79,94.0234,69.7962,90.6959,82.5654,79.2909,102.9242,77.6713,75.259,74.6724,89.353,23.385,310.26,33.27,22.3866,82.27,13.3468,85.6966,92.3895,20.5316,56.1832,41.6092,26.5241,87.8995,105.8318
2025-06-20,587.7674,523.7167,207.0594,415.4459,168.8679,69.1964,545.9496,83.4726,53.4543,59.4705,68.798,37.624,45.4402,46.3473,34.8767,26.4812,53.9,94.1096,69.8441,90.7534,82.4129,79.3485,103.0099,77.7852,75.3544,74.907,89.6231,23.4499,310.13,32.72,22.5027,83.12,13.3805,85.6394,92.3895,20.5124,56.0182,41.5103,26.4951,87.9187,105.8702
2025-06-23,593.573,529.1017,209.5931,419.3465,170.1149,69.9606,550.874,84.1011,53.8625,59.9564,69.0473,37.8851,45.8129,46.7274,35.4266,26.4716,54.31,94.3012,70.0166,91.07,82.6797,79.4543,103.2671,78.0037,75.4783,75.0479,89.8001,23.4777,311.08,32.96,21.6707,76.41,12.9185,86.9264,93.6794,20.8013,56.4161,42.1235,26.3888,87.9379,105.8894
2025-06-24,600.1304,537.1927,212.2653,424.3407,171.3813,71.0049,555.9467,85.126,54.572,60.7825,69.7376,38.1172,46.9996,47.7409,36.4281,26.7778,54.8,94.6845,70.2274,91.3866,83.28,79.5216,103.7529,78.3172,75.6118,75.2543,90.0422,23.5427,306.19,32.61,21.1482,73.0,12.5912,87.1552,94.0507,20.8687,56.6781,42.6675,26.2534,87.9379,105.899
2025-06-25,600.4666,538.5662,209.791,423.4246,170.4559,71.3215,551.4475,84.6619,54.2999,60.3258,69.45,37.9915,47.0388,47.8578,36.3888,26.3855,55.0,94.6749,70.2466,91.425,83.3849,79.5312,103.6291,78.2792,75.5736,75.2356,90.0702,23.5427,307.12,33.01,21.1192,73.31,12.5623,85.0579,91.9205,20.3729,56.3288,42.3016,26.1857,87.9474,105.9086
2025-06-26,605.1646,543.6019,213.1957,427.4336,171.6346,71.8884,558.933,85.6094,54.8927,60.8214,70.9168,38.388,47.3527,48.1794,36.487,26.9214,55.71,94.9336,70.4479,91.7511,83.8041,79.6273,104.0101,78.5261,75.7167,75.4515,90.3589,23.5983,306.78,33.34,21.1966,73.59,12.6104,84.9789,91.813,20.3438,56.9013,42.8851,26.0793,87.957,105.9278
2025-06-27,608.1713,545.463,213.265,431.4427,172.112,72.3376,560.189,86.383,55.2329,61.3754,72.1727,38.4171,47.1664,48.1307,36.1433,26.931,55.86,94.6654,70.2849,91.5113,83.2705,79.5985,103.8386,78.4501,75.6976,75.4139,90.2844,23.589,301.22,32.62,21.0902,73.28,12.543,85.1907,91.9791,20.3632,56.9498,43.3115,26.1277,87.9954,105.9662
2025-06-30,611.079,548.9959,213.5717,434.053,173.1248,72.7531,560.1592,86.4313,55.4078,61.4726,71.8755,38.4171,47.3135,48.1989,36.0942,27.6105,55.68,95.0486,70.5628,91.8758,84.09,79.6562,104.4102,78.7636,75.7929,75.7049,90.5917,23.6354,304.83,32.81,21.0999,73.11,12.5527,85.7394,92.6045,20.5282,57.4447,43.2123,25.9923,88.005,105.9662
2025-07-01,610.8813,544.3682,215.769,438.2295,174.9076,72.018,567.259,86.2863,55.369,61.4532,71.3482,38.5428,47.4017,48.3938,36.163,27.553,55.84,94.9611,70.51,91.7055,84.2985,79.5732,104.5364,78.755,75.7259,75.6096,90.5262,23.6336,307.55,32.73,21.216,73.93,12.6201,86.3652,93.2592,20.6349,57.3282,43.6486,25.9826,88.0204,105.9767
2025-07-02,613.6506,548.1599,218.7579,438.0522,175.035,72.5639,572.8759,86.5377,55.5439,61.7156,71.3866,38.3107,47.6077,48.5302,36.0255,27.6679,55.6,94.8458,70.4331,91.513,83.7629,79.5636,104.5173,78.7455,75.7451,75.7511,90.7041,23.6709,309.25,33.24,21.5642,75.59,12.8222,86.5674,93.523,20.7125,57.2603,44.1147,25.9633,88.03,105.9864
2025-07-03,618.487,553.554,220.7868,441.3816,175.9557,73.3473,575.9312,86.557,55.6119,61.6281,71.5208,38.5138,47.8235,48.7446,35.6131,28.0507,55.79,94.6535,70.26,91.1954,83.1795,79.4768,104.2687,78.612,75.6877,75.7983,90.7603,23.6989,307.14,33.51,21.5546,75.19,12.8222,86.6637,93.611,20.7125,57.2991,44.422,26.089,88.0781,106.0249
2025-07-07,613.8781,549.384,217.4712,437.3529,174.555,72.8046,570.3839,85.6191,54.9219,61.2491,69.8143,38.1269,47.1467,48.1696,35.6524,27.3712,55.36,94.3171,70.0293,90.9067,82.3856,79.4575,103.6472,78.3641,75.6111,75.5436,90.4325,23.6149,307.37,33.43,21.5352,76.48,12.7933,85.9224,92.8488,20.5282,56.8527,44.0155,26.176,88.0878,106.0441
2025-07-08,613.5418,549.6926,218.9756,435.7572,174.4668,72.7399,572.7867,86.2476,55.3204,61.7544,70.169,38.4848,47.441,48.3548,36.0255,27.4765,55.69,94.2786,69.9908,90.772,82.2804,79.4672,103.3509,78.1543,75.5633,75.4399,90.292,23.5962,304.16,33.29,21.6029,76.96,12.8222,85.7972,92.7511,20.5379,56.6102,44.1147,26.1954,88.0878,106.0634
2025-07-09,617.221,553.5838,221.351,437.8651,174.604,73.4335,575.1699,86.8954,55.6994,62.4639,70.2745,38.6975,47.3625,48.3451,35.5247,26.9501,55.66,94.6728,70.2696,91.2436,83.1412,79.5347,103.9436,78.488,75.7068,75.6474,90.5262,23.6522,305.52,33.0,21.5642,76.93,12.8126,85.8646,92.8488,20.5088,56.7751,44.4716,26.1954,88.0974,106.073
2025-07-10,618.9617,552.7877,222.4892,439.8155,175.7304,73.4136,577.8793,86.8374,55.7383,62.4251,69.9293,38.949,47.49,48.3938,35.8586,26.529,55.27,94.6439,70.2792,91.1954,83.1986,79.5347,103.9627,78.488,75.7068,75.572,90.4793,23.6429,306.2,33.75,21.4965,75.39,12.7548,86.4037,93.3472,20.6349,57.0953,44.7096,26.2437,88.1167,106.0827
2025-07-11,616.7858,551.5436,219.421,436.9294,174.6137,73.2892,572.7669,86.0059,55.2718,61.7059,69.3733,38.6105,47.3331,48.3256,35.8193,26.3472,54.88,94.2498,69.9908,90.772,82.0509,79.5154,103.3317,78.2115,75.6398,75.4776,90.3201,23.6149,309.14,35.03,21.7771,77.29,12.9281,86.4134,93.3081,20.6446,56.9498,44.5807,26.3211,88.1359,106.1115
2025-07-14,617.9628,553.544,220.8957,437.9241,174.7901,73.553,574.7052,86.0059,55.3398,61.6378,69.4212,38.7169,47.4017,48.384,36.2415,26.1366,54.92,94.2402,69.9812,90.7335,81.8787,79.525,103.3031,78.1924,75.6398,75.5342,90.4044,23.6429,308.01,34.63,21.5933,75.62,12.8222,86.9717,93.865,20.761,57.2603,44.5807,26.3888,88.1455,106.1308
2025-07-15,615.3221,554.0516,216.5706,433.5605,172.4881,73.709,564.6586,85.1067,54.7858,60.938,68.7309,38.2913,47.745,48.7349,36.9583,26.2897,54.88,93.9614,69.7697,90.3774,81.3049,79.4479,102.9302,77.954,75.5537,75.3079,90.1141,23.5869,306.73,34.26,21.5546,75.26,12.7933,85.6913,92.5361,20.4893,56.5616,44.1047,26.5338,88.1552,106.1308
2025-07-16,617.3792,554.6188,218.748,435.7374,173.3501,73.9181,567.3184,85.4547,55.0482,61.2102,69.0473,38.5428,47.9706,48.959,36.7914,26.3855,55.27,94.096,69.9043,90.6276,81.4197,79.5539,103.0927,78.1638,75.6781,75.5059,90.3201,23.6242,308.26,34.41,21.5836,75.19,12.8222,86.5,93.4546,20.6931,56.8042,44.2138,26.4371,88.1744,106.1597
2025-07-17,621.1574,559.1072,221.6182,438.5546,174.3101,74.3596,573.4888,85.6771,55.1746,61.2102,69.402,38.5235,48.2452,49.2611,36.9092,26.5003,55.01,94.1345,69.9235,90.5988,81.4005,79.525,103.3413,78.2497,75.7068,75.5814,90.4325,23.6615,307.59,34.65,21.7577,76.16,12.9088,86.4037,93.3276,20.6349,56.9401,44.9971,26.5531,88.1744,106.1693
2025-07-18,620.7025,558.5698,220.0445,436.8015,174.026,74.411,572.9548,85.4354,55.0482,61.1519,68.846,38.4944,48.1373,49.2026,37.3707,25.6964,54.5,94.3075,70.0389,90.849,81.5248,79.5925,103.5325,78.4308,75.8121,75.6851,90.5636,23.6802,308.39,34.61,21.7964,75.93,12.9474,86.5866,93.611,20.6931,57.367,45.0467,26.5145,88.2129,106.2078
2025-07-21,621.8794,561.4658,219.1538,436.9789,173.8007,74.6782,569.3851,85.8898,55.4078,61.3754,69.613,38.6975,48.4512,49.456,37.518,25.9165,54.75,94.567,70.2408,91.1666,82.2517,79.6408,103.9341,78.6597,75.8982,75.7889,90.6854,23.7175,313.13,35.35,21.748,75.59,12.9088,86.9428,93.8748,20.7416,57.3573,44.7592,26.3404,88.2322,106.2175
2025-07-22,621.9683,558.5599,220.9749,438.4767,175.2113,74.2268,576.7521,86.3636,55.6703,61.7544,69.9677,39.1038,48.4806,49.4657,38.0384,25.8399,54.61,94.7497,70.3562,91.4264,82.7491,79.6986,104.1826,78.8027,75.946,75.9209,90.854,23.7548,316.1,35.72,21.7094,75.35,12.8992,88.4351,95.5555,21.1199,57.6484,45.1756,26.205,88.2418,106.2271
2025-07-23,627.2598,561.1077,224.3498,443.6502,176.8765,74.7446,581.4688,88.5101,56.856,63.0859,73.3328,39.5584,48.971,49.9238,38.3722,26.2993,54.73,94.5382,70.2119,91.0992,82.29,79.6311,104.0201,78.6978,75.8695,75.9586,90.9195,23.7642,312.18,35.69,21.6513,75.28,12.8703,88.6083,95.7705,21.1199,57.6581,45.7606,26.1664,88.2514,106.2367
2025-07-24,627.4675,562.3018,221.252,440.5955,176.2104,75.0549,575.9906,87.8527,56.4575,62.3376,73.3903,39.4326,48.7062,49.6801,38.1955,25.9644,54.06,94.4805,70.1254,90.9645,82.1466,79.5636,103.8671,78.6025,75.8312,75.8643,90.7884,23.7548,310.27,35.49,21.6707,76.09,12.8511,88.3003,95.5262,21.0229,57.4932,45.7111,26.234,88.2514,106.2463
2025-07-25,630.1181,563.6553,222.0735,442.4776,176.9647,75.3802,581.2117,87.7463,56.3895,62.4736,72.5562,39.3069,48.5591,49.5437,37.95,25.7825,53.8,94.6343,70.2985,91.1762,82.663,79.6118,104.2017,78.7932,75.8982,75.9115,90.8821,23.7455,307.4,34.66,21.4481,74.85,12.7259,88.3099,95.5066,21.0132,57.5999,46.4647,26.2921,88.2803,106.2849
2025-07-28,629.9598,565.4169,221.8161,441.8075,176.0635,75.6639,579.9261,86.3346,55.5536,61.356,71.2044,38.8039,48.2354,49.1539,37.7831,25.3806,53.23,94.5093,70.1831,90.9741,82.1274,79.6022,103.9914,78.6692,75.8599,75.8737,90.8446,23.7642,305.41,34.64,21.6707,77.17,12.8607,86.8947,93.8943,20.6349,56.9595,46.2663,26.5918,88.2899,106.2945
2025-07-29,628.2983,564.5411,220.4008,439.9746,176.0439,75.3071,579.145,86.1606,55.5342,61.3074,70.8305,39.0651,48.255,49.1831,37.5278,25.6103,53.49,95.0188,70.5484,91.5708,83.5142,79.6697,104.6798,78.9648,75.946,75.9209,90.8633,23.7548,306.25,34.66,21.9512,79.8,13.0244,88.2906,95.4871,20.9356,57.4253,45.9788,26.6595,88.2996,106.3138
2025-07-30,627.5071,565.2974,219.2824,438.2797,175.0545,75.4781,575.6642,85.5418,55.1163,60.6854,70.9264,38.7266,47.9019,48.7836,37.0958,25.7251,52.7,94.7497,70.3658,91.2532,83.0838,79.5829,104.2878,78.8313,75.8886,75.7606,90.7041,23.7175,300.96,33.51,21.9028,81.04,12.9955,87.0391,94.1093,20.6058,57.4058,45.6813,26.9206,88.3092,106.3041
2025-07-31,625.1531,562.3018,217.1348,434.8997,173.4187,75.5378,569.1973,84.6232,54.64,59.9759,70.5813,38.5041,47.6273,48.5302,36.7619,25.4093,52.64,94.7977,70.3754,91.3302,83.1316,79.5829,104.3165,78.8409,75.8599,75.8077,90.7416,23.7269,302.96,33.32,21.719,79.59,12.8703,85.8165,92.712,20.305,57.3282,45.3045,26.9786,88.3188,106.3138
2025-08-01,614.9066,551.2252,212.7107,429.3714,171.92,73.8551,560.7624,84.4008,54.4457,59.6454,71.0127,38.6298,47.2742,48.2768,36.163,25.505,52.72,95.6175,70.985,92.3816,84.3135,79.9796,105.2419,79.5121,76.2796,75.8115,90.7406,23.7297,309.11,33.59,21.3707,77.46,12.6682,85.6047,92.585,20.2565,57.4447,44.6303,26.6595,88.3565,106.4056
2025-08-04,624.2531,561.3962,217.4712,435.3727,173.5558,75.2756,567.981,85.5224,55.2037,60.3452,72.1823,38.891,47.7646,48.7251,36.7914,25.773,52.48,95.6947,71.0332,92.5072,84.5439,79.9989,105.4243,79.6366,76.3468,76.0674,91.0797,23.7954,310.91,33.98,21.2934,76.11,12.6297,86.4807,93.523,20.4311,58.2598,45.017,26.6498,88.3661,106.4249
2025-08-05,621.0881,557.5845,218.5797,434.7124,173.5754,74.6267,567.6942,85.5128,55.3009,60.4132,71.9331,38.9103,47.9019,48.881,36.9583,25.8591,52.41,95.7236,71.0622,92.4396,84.8031,79.9699,105.5011,79.5982,76.3084,76.0295,91.0138,23.786,311.16,34.35,21.1095,75.02,12.5238,86.8755,93.7575,20.5088,58.1918,45.1558,26.6498,88.3661,106.4152
2025-08-06,625.8455,564.6008,218.2927,435.5304,173.4089,75.6374,566.0626,86.0736,55.7286,60.6756,72.8918,39.0554,48.1275,49.0954,37.1056,26.2706,52.26,95.6851,71.0043,92.372,84.3135,79.9989,105.4723,79.627,76.3565,76.1054,91.1362,23.8142,310.5,34.35,21.0612,73.79,12.4949,86.2016,93.0931,20.3632,58.2792,44.898,26.4951,88.3951,106.4442
2025-08-07,625.3213,566.5115,217.5801,433.3131,173.262,75.6258,564.8364,86.8471,56.1271,61.3365,73.4574,39.1618,48.5297,49.456,37.0565,26.8448,52.53,95.6079,70.9754,92.3044,84.1695,79.9602,105.3667,79.5599,76.318,76.0295,91.0703,23.7954,313.12,34.76,21.1289,73.42,12.5238,86.4519,93.4546,20.4311,58.5897,45.1855,26.4758,88.3951,106.4539
2025-08-08,630.1973,571.7961,218.0552,435.4811,174.3493,76.195,564.7475,87.3789,56.3895,61.5503,74.7134,39.2005,48.4904,49.3975,36.9878,26.6151,52.12,95.4246,70.821,92.092,83.8047,79.9409,105.0307,79.3589,76.2412,76.039,91.0891,23.7954,313.05,34.88,21.1289,73.3,12.5045,85.7394,92.6338,20.2371,58.512,45.364,26.5241,88.4241,106.4925
2025-08-11,628.951,570.1042,218.0057,433.5989,173.9966,76.039,562.5522,87.0114,56.1659,61.181,74.5791,39.3069,48.3531,49.3391,36.6539,26.4524,52.27,95.4921,70.8693,92.1209,83.9007,79.9409,105.1939,79.4163,76.2892,76.039,91.0703,23.7954,308.55,34.18,21.1579,73.8,12.5527,85.1715,92.0085,20.1401,58.58,45.1161,26.6305,88.4337,106.5022
2025-08-12,635.6469,577.2697,224.4785,438.2008,175.7598,76.8289,575.4566,88.075,56.7977,61.803,75.9597,39.6841,48.9416,49.9043,37.2529,27.1702,52.47,95.4921,70.8789,92.1016,83.4782,79.9989,105.2899,79.4929,76.3853,76.2096,91.2492,23.8329,308.27,34.41,21.0708,72.95,12.5045,85.6528,92.3505,20.2565,58.9487,46.2168,26.4951,88.4434,106.5215
2025-08-13,637.8228,577.5583,228.8432,442.8718,177.1116,76.8123,584.3364,88.6068,57.0601,62.2793,75.9981,40.0033,49.5301,50.4695,38.382,26.9692,52.71,95.8393,71.1394,92.4299,84.1695,80.1054,105.8467,79.7897,76.5197,76.4087,91.5129,23.908,309.21,35.0,21.0418,72.46,12.4757,86.4519,93.2104,20.4311,59.1719,46.7125,26.4274,88.4531,106.5408
2025-08-14,637.8821,577.1106,225.8938,442.6156,176.7785,76.9235,576.5345,88.6165,56.9629,62.5611,75.5475,40.1387,48.922,49.9043,37.6456,26.6917,52.41,95.5693,70.9368,92.1306,83.5454,80.0183,105.4819,79.5887,76.4333,76.2096,91.2492,23.8517,307.25,34.5,21.1289,73.74,12.5238,85.8357,92.5166,20.2662,59.0748,46.0482,26.5241,88.4627,106.5408
2025-08-15,636.3887,574.5728,224.7952,443.2427,176.563,76.6779,573.5778,89.1386,57.2156,62.7069,76.8417,39.9162,48.9808,50.0504,37.6456,26.9884,52.71,95.4246,70.8403,91.9472,82.9502,79.9893,105.3475,79.5312,76.4333,76.2665,91.2775,23.8423,307.43,34.5,21.0612,72.8,12.4853,86.3267,93.1126,20.3923,59.1913,45.6317,26.4371,88.5014,106.5698
2025-08-18,636.2501,574.3438,225.6167,442.7694,176.5924,76.6912,575.1501,89.0419,57.1573,62.5417,76.9855,39.9356,49.2653,50.4305,37.8813,27.0745,53.5,95.3185,70.7632,91.8603,82.7102,79.9893,105.1555,79.4355,76.4045,76.2096,91.2304,23.8423,306.95,34.55,21.0805,73.17,12.5045,85.5951,92.2039,20.208,58.9487,45.7507,26.5048,88.5014,106.5795
2025-08-19,632.7984,566.5513,223.8847,443.006,177.425,75.6125,576.1982,89.0516,57.0892,62.7069,76.7171,39.9356,48.8631,50.0699,37.5278,26.1845,53.65,95.5018,70.8982,92.092,83.1902,80.028,105.3187,79.5504,76.4429,76.1907,91.2209,23.8329,305.27,33.87,20.916,72.3,12.4179,87.068,93.8553,20.5767,59.1331,45.9193,26.5725,88.5207,106.6085
2025-08-20,631.1171,563.1876,223.0929,443.075,177.9246,75.1843,573.7559,89.3707,57.235,63.1054,76.3528,40.3515,48.7945,50.0504,37.734,26.5003,53.8,95.5597,70.9464,92.2271,83.3726,80.057,105.3667,79.5791,76.4717,76.1622,91.155,23.8329,308.36,34.43,21.1482,73.52,12.543,87.3183,94.2071,20.664,59.4921,45.483,26.5531,88.54,106.6181
2025-08-21,628.5851,560.5802,223.6471,441.6848,177.2487,74.874,573.0637,88.8099,56.9629,62.6777,75.4516,40.2934,48.6866,49.9627,37.6751,26.4716,53.57,95.3378,70.7728,91.9568,82.9598,79.9893,104.9635,79.3397,76.3565,76.02,90.9949,23.786,307.29,34.61,21.274,74.13,12.6393,87.0584,93.7966,20.5961,59.3659,45.3938,26.6885,88.54,106.6085
2025-08-22,638.2381,569.2285,232.416,450.2533,179.7466,76.0755,588.9147,90.1442,57.8862,63.6496,76.7171,40.6996,49.6576,50.8398,38.5293,27.3808,53.58,95.8683,71.1297,92.4685,83.5742,80.1634,105.7891,79.8376,76.6158,76.6362,91.7578,23.955,310.58,35.34,21.3611,74.64,12.6682,88.7431,95.4871,20.9453,59.6085,46.4845,26.4274,88.569,106.6761
2025-08-25,635.4292,567.5864,229.9714,446.7332,178.3066,75.9427,584.0991,88.9549,57.167,62.7069,75.7871,40.4192,49.3731,50.6254,38.4311,27.5052,53.23,95.7236,71.0332,92.2851,83.3342,80.1247,105.5107,79.694,76.5389,76.4845,91.6447,23.9174,309.83,35.02,21.4675,75.75,12.7259,88.2329,94.9399,20.7998,58.8517,46.1374,26.6402,88.5787,106.6761
2025-08-26,638.0898,569.8654,231.8717,448.1333,178.7964,76.3626,586.8382,88.8582,57.1864,62.6194,75.6625,40.3708,49.2456,50.5182,38.5097,27.3808,52.55,95.8393,71.1201,92.5265,83.2862,80.1925,105.5875,79.8185,76.635,76.6551,91.8425,23.9831,312.08,35.02,21.303,74.05,12.6393,88.0018,94.6174,20.7513,58.8711,46.4448,26.5725,88.5883,106.6858
2025-08-27,639.5436,570.7412,233.5146,449.6518,179.3254,76.5136,590.6057,88.6455,57.1184,62.4931,75.3845,40.2934,48.9514,50.1771,37.5278,27.7732,52.68,95.9358,71.1876,92.7003,83.1902,80.2505,105.6259,79.9142,76.7022,76.7499,91.9838,23.9925,312.71,34.99,21.3224,74.68,12.6489,88.5506,95.1158,20.9162,58.774,46.4647,26.5822,88.598,106.7051
2025-08-28,641.8086,574.314,233.7917,450.4011,179.4037,76.9982,591.3671,88.9743,57.3516,62.5611,76.0172,40.2064,49.1377,50.3623,37.8617,28.223,52.54,96.0515,71.2744,92.9127,83.7374,80.2215,105.7891,79.9813,76.6734,76.7878,91.9932,24.0019,315.03,35.52,21.4578,75.24,12.7356,88.3195,94.8813,20.858,58.8129,46.5341,26.4855,88.6076,106.7148
2025-08-29,637.981,567.666,232.7525,449.7109,179.4723,76.1087,588.5192,88.4521,57.0601,62.2404,75.0489,40.1,48.9024,50.2161,38.2053,28.2325,51.98,95.9262,71.1876,92.8354,83.1422,80.2892,105.4051,79.8759,76.7118,76.6456,91.8331,23.9737,318.07,36.19,21.4868,74.84,12.7548,88.8009,95.4089,20.9647,58.5606,46.1176,26.4661,88.6463,106.7631
2025-09-02,633.2534,562.9089,231.4956,447.2656,178.865,75.5013,585.8989,87.5819,56.5547,61.5406,74.9243,39.5584,48.8631,50.1479,38.549,27.754,52.35,95.6717,71.0356,92.5584,82.5235,80.2484,105.0525,79.6914,76.6443,76.5628,91.6996,23.9473,325.59,37.15,21.8351,76.76,12.957,87.3279,93.7771,20.6349,57.9784,45.7309,26.6402,88.6676,106.7902
2025-09-03,636.6853,567.3376,231.268,446.9205,178.0715,76.3244,584.91,87.7173,56.681,61.7836,74.7134,39.8292,49.0495,50.2843,38.2053,27.7444,52.62,96.02,71.2679,92.8781,83.4294,80.3067,105.6787,79.9798,76.7504,76.7723,91.9837,24.0134,328.14,37.34,21.6416,74.83,12.8318,87.3761,93.8357,20.6446,57.8619,45.5227,26.5918,88.6773,106.8096
2025-09-04,642.0064,572.4729,234.1579,450.6576,179.3939,77.0032,593.3745,88.3554,57.0309,62.114,75.4803,40.0323,48.8925,50.0699,37.6358,27.9167,52.59,96.4071,71.5389,93.2946,84.0654,80.3649,106.4012,80.4219,76.895,76.9818,92.2393,24.0606,326.69,36.93,21.4868,74.18,12.7452,88.0307,94.5002,20.761,58.056,46.2366,26.6305,88.6967,106.829
2025-09-05,640.1469,573.2989,235.3258,448.6263,178.816,76.7692,596.163,88.7519,57.303,62.3765,75.9118,40.187,49.481,50.6449,38.1955,28.3569,52.48,96.8619,71.8776,93.7499,85.3472,80.4814,107.0948,80.7392,77.001,77.02,92.334,24.0795,331.05,37.21,21.3127,72.63,12.6297,89.0223,95.5262,20.9938,58.0948,46.2465,26.4951,88.7258,106.8872
2025-09-08,641.7196,576.0954,235.8009,449.8195,178.5809,77.262,596.3113,89.6414,57.857,62.8138,77.6183,40.3418,49.9322,51.1419,38.7257,28.3091,52.89,97.1909,72.1099,94.0405,86.4844,80.5299,107.4705,80.893,77.0203,77.02,92.3435,24.0795,334.82,37.51,21.4578,73.04,12.7259,88.5024,94.9692,20.858,58.0366,46.2068,26.4081,88.7354,106.9066
2025-09-09,643.2031,577.7276,234.4153,451.6041,178.7376,77.5442,590.8726,89.3417,57.7015,62.7361,76.7554,40.3805,50.2068,51.3368,39.2461,28.2708,52.71,96.9973,71.9744,93.8177,85.9929,80.462,107.2778,80.7968,76.9721,76.9342,92.2299,24.0606,334.06,37.18,21.5159,73.39,12.7548,88.3003,94.7933,20.8289,58.1627,45.5921,26.5145,88.7451,106.8969
2025-09-10,645.0626,577.9166,233.9996,449.5532,180.0502,77.5342,590.6254,89.3223,57.7404,62.532,77.0431,40.3708,50.5501,51.5707,39.0006,28.5101,53.16,97.1909,72.1002,94.0695,86.4844,80.4717,107.5957,80.9795,77.0106,76.9914,92.3151,24.07,335.26,37.41,21.661,74.71,12.8511,88.1559,94.6565,20.8192,58.5703,46.0085,26.5338,88.7548,106.9163
2025-09-11,650.4231,581.2805,238.3247,455.4594,182.2542,77.9789,600.593,90.2699,58.3819,63.1831,77.9634,40.806,51.2857,52.2138,40.0022,28.7589,53.24,97.3747,72.2551,94.2149,87.0626,80.5008,108.0967,81.2198,77.0685,77.1819,92.5802,24.0984,334.76,37.79,21.4965,73.0,12.7452,89.7636,96.2102,21.1296,59.0943,46.7423,26.4468,88.7645,106.9357
2025-09-12,650.2054,583.848,235.89,452.8958,181.1473,78.2478,593.9183,89.9122,58.1389,62.9596,77.4266,40.5642,51.2563,52.1164,39.7567,28.7398,53.15,97.2876,72.1679,93.9436,86.6868,80.4911,107.904,81.0756,77.0492,77.1057,92.5045,24.1078,335.42,38.34,21.6223,73.31,12.8126,89.3496,95.7509,21.052,59.2786,46.1275,26.4855,88.7936,106.9551
2025-09-15,653.6671,588.844,236.8896,453.6353,180.7947,79.0278,593.7601,90.5116,58.6054,63.4455,77.9922,40.7093,51.629,52.4672,40.0414,29.1991,53.43,97.4521,72.3034,94.0986,86.8891,80.5202,108.2411,81.2679,77.1263,77.3247,92.7886,24.1645,338.91,38.76,21.8158,74.23,12.9474,89.2052,95.5946,20.9841,59.3465,46.3457,26.3984,88.8033,106.9745
2025-09-16,652.7672,588.3464,236.4995,452.3633,180.5988,78.8967,592.1285,90.2602,58.5374,63.2414,77.9922,40.5159,52.0115,52.7985,40.3066,29.3714,53.87,97.4908,72.3131,94.1567,87.0723,80.559,108.1448,81.2583,77.1552,77.2676,92.7223,24.1456,339.59,38.6,22.0383,75.67,13.0725,88.7335,95.1374,20.9065,58.9099,46.0879,26.234,88.813,106.9939
2025-09-17,651.9562,587.1721,237.1049,454.8086,181.3824,78.5913,591.6143,89.9218,58.3333,62.9693,77.8196,40.4192,52.2371,53.1299,40.8662,29.6107,54.02,97.3167,72.1873,93.9533,86.8506,80.5202,107.9521,81.1045,77.0781,77.1914,92.6086,24.1267,336.97,37.79,21.8061,74.97,12.957,88.618,95.0292,20.858,58.9196,45.8499,26.3211,88.8227,107.0035
2025-09-18,655.0024,592.4666,243.0105,456.1595,182.0191,79.0045,598.8625,90.2699,58.5179,63.2803,78.1264,40.2934,52.1096,52.8862,40.336,29.4958,53.74,97.0457,72.0034,93.6433,85.9543,80.4911,107.7306,81.0372,77.0492,77.3628,92.817,24.1739,335.62,37.99,21.7094,74.69,12.8752,88.8105,95.0685,20.8774,58.6382,46.5638,26.4468,88.8324,107.0132
2025-09-19,658.2465,596.4772,241.1644,457.7693,181.882,79.7264,594.3204,89.9218,58.2513,63.0471,77.4553,40.0033,51.9919,52.8177,40.1887,29.6011,53.94,97.0457,72.0325,93.6046,85.7905,80.5202,107.6439,81.0276,77.107,77.3914,92.8832,24.1834,339.18,39.04,21.5352,73.52,12.7645,88.2329,94.5277,20.7513,58.5606,46.425,26.5241,88.8712,107.052
2025-09-22,661.3608,600.0084,242.5639,458.4911,182.0093,80.3338,593.8346,90.2119,58.5638,63.2512,77.8963,40.2451,52.2469,52.9646,39.9138,29.4671,53.5,96.9296,71.897,93.4496,85.4821,80.4814,107.403,80.893,77.0492,77.4485,92.9779,24.2022,345.05,40.04,21.5352,73.45,12.7548,88.2521,94.5572,20.7998,58.9487,46.663,26.4274,88.8808,107.0617
2025-09-23,657.7606,596.0229,242.018,457.7001,182.4501,79.4874,593.5273,90.0379,58.4759,63.222,77.7429,40.1097,52.2763,52.9548,39.3738,29.9743,53.06,97.0844,72.0421,93.7111,86.0796,80.5105,107.615,81.0276,77.0685,77.3914,92.9211,24.1928,346.46,39.96,21.7577,75.05,12.8896,88.7335,95.1964,20.955,59.036,46.5836,26.4081,88.8808,107.0617
2025-09-24,655.6678,593.9305,239.7947,455.8707,182.0975,79.1439,588.9763,89.5157,58.0658,62.8624,77.5128,39.9936,52.0997,52.8568,39.8352,29.7159,52.74,96.9006,71.897,93.4593,85.752,80.4717,107.1815,80.7968,76.9914,77.2866,92.7791,24.1645,343.32,39.82,21.9028,76.39,12.9762,87.8607,94.2425,20.785,59.0069,46.2366,26.6015,88.9002,107.0714
2025-09-25,652.6429,591.3699,237.502,454.2986,181.2551,78.7075,585.6846,88.8776,57.6752,62.289,77.1389,39.6938,51.7957,52.5532,39.9334,29.2661,52.49,96.7651,71.8195,93.2559,85.752,80.4037,106.9888,80.6142,76.895,77.0676,92.4855,24.0984,344.75,41.03,22.0576,76.99,13.0725,87.5983,93.9869,20.7068,58.7449,46.0085,26.7852,88.9002,107.0811
2025-09-26,656.382,593.801,239.5366,457.1166,182.7538,79.0643,591.6038,89.5641,58.0169,62.9207,77.1198,40.216,51.6976,52.4552,39.5996,29.4097,52.25,96.8328,71.8195,93.2074,85.6749,80.4523,107.1333,80.6815,76.9432,77.2199,92.656,24.1361,346.74,41.86,22.0673,77.02,13.0821,88.4633,94.9505,20.912,59.2107,46.6729,26.6885,88.9293,107.1199
2025-09-29,658.2267,596.551,239.8145,457.8682,182.8847,79.4176,590.2752,89.9122,58.3099,63.1929,77.1869,40.2644,52.1684,52.8373,40.2378,29.6585,52.16,97.0167,72.0034,93.4786,86.3784,80.4814,107.4898,80.8545,77.001,77.3533,92.8548,24.1928,352.46,42.5,21.8835,74.59,12.9762,88.4925,95.039,20.9413,59.104,46.8514,26.6305,88.939,107.1296
2025-09-30,660.7061,598.185,240.152,458.5603,183.6034,79.6768,590.9594,90.2796,58.515,63.6399,76.8993,40.5933,52.3744,53.0724,40.3949,29.6681,52.06,97.007,71.9744,93.4399,86.1278,80.5202,107.3838,80.8545,77.0492,77.3247,92.7886,24.1739,355.47,42.37,21.7964,73.75,12.9281,88.8521,95.4618,21.0781,59.3077,47.2282,26.6015,88.939,107.1393
2025-10-01,662.9575,601.0545,240.6781,459.0745,183.9775,80.0506,592.8828,91.0241,58.9544,64.398,76.8993,41.1059,52.7863,53.4054,40.6306,29.2661,52.39,97.2546,72.1559,93.7547,86.3502,80.6137,107.815,81.1305,77.204,77.4692,92.9676,24.2176,356.03,42.91,21.7577,73.14,12.9088,88.9881,95.511,21.0781,59.5018,47.2083,26.5918,88.9594,107.1656
2025-10-02,663.7211,603.5255,242.1966,459.915,183.6428,80.2865,593.6561,91.1691,59.0814,64.5827,76.8417,40.8737,53.0315,53.5523,40.9939,28.9407,52.3,97.3614,72.2336,93.8519,86.6017,80.6332,107.989,81.2174,77.204,77.4405,92.9199,24.2081,354.79,42.53,21.6126,71.54,12.803,88.5216,95.0095,20.9706,59.4242,47.4562,26.6305,88.9692,107.1753
2025-10-03,663.7112,600.9848,243.9931,462.2883,184.6273,79.9808,595.5697,91.933,59.6283,64.9423,78.4044,41.2413,53.1884,53.6699,40.6698,29.0269,52.45,97.2546,72.1462,93.6673,86.4373,80.604,107.8537,81.1209,77.1653,77.3544,92.8057,24.1796,357.64,43.52,21.6803,71.71,12.8511,88.8521,95.4225,21.0586,59.7832,47.5455,26.5822,88.9886,107.2142
2025-10-06,666.0915,605.4983,244.9658,461.6257,184.4304,80.5739,596.4521,92.1457,59.7454,64.6993,79.8329,41.1832,53.4336,53.856,40.6502,29.0077,52.76,97.041,71.9812,93.3952,85.7507,80.5845,107.5056,80.9568,77.1072,77.3735,92.8247,24.1891,364.38,44.06,21.9028,72.87,12.9859,88.0162,94.3998,20.8534,59.8123,47.5653,26.7079,89.0081,107.2045
2025-10-07,663.6219,602.31,242.3356,460.7654,184.263,80.0921,590.0075,91.3432,59.2279,64.2619,78.577,41.0575,53.0217,53.5621,40.1887,28.4048,52.88,97.206,72.1171,93.6284,86.2439,80.6234,107.7087,81.063,77.1846,77.2874,92.72,24.1701,366.26,43.39,21.9899,73.2,13.0244,87.6955,94.1344,20.8045,59.7638,47.1687,26.8626,89.0081,107.2142
2025-10-08,667.5792,609.2147,244.8764,460.8643,184.1744,80.9194,595.8572,91.6139,59.4134,64.6701,78.3757,41.28,53.4434,53.8658,40.3066,28.5866,52.63,97.2158,72.1171,93.6478,86.3116,80.6137,107.5733,80.9665,77.1556,77.1726,92.5867,24.1416,372.3,44.56,22.0189,73.53,13.0532,87.2387,93.7214,20.7068,60.0161,47.8628,26.9206,89.0275,107.2337
2025-10-09,665.6452,608.4774,243.2983,458.323,183.1702,80.8231,589.3729,90.8597,58.9056,63.9121,78.1839,40.69,52.8942,53.3956,39.7763,28.3952,52.81,97.0992,72.0686,93.5798,86.2439,80.604,107.3606,80.841,77.1072,76.9525,92.301,24.0657,365.43,44.71,21.8158,72.51,12.9377,86.7625,93.2297,20.6091,59.5697,47.2381,27.1043,89.0275,107.2434
2025-10-10,647.6542,587.3546,236.0132,449.7895,180.0394,78.1534,572.8547,89.187,57.7923,63.1929,75.1256,40.3611,50.9424,51.4659,37.6358,27.553,52.77,97.4973,72.3501,94.1628,87.6365,80.7402,107.6603,81.0051,77.1556,76.5027,91.7298,23.9327,369.12,45.43,21.3514,69.39,12.6682,85.6545,92.1284,20.3746,59.2592,46.0284,26.9689,89.0664,107.2921
2025-10-13,657.5919,599.819,242.5837,455.5345,181.6836,79.6801,583.9098,89.9025,58.3978,63.6011,76.0172,40.6126,52.4234,52.896,38.8141,27.9263,52.97,97.6817,72.4666,94.2114,87.5881,80.896,108.0277,81.2367,77.3008,76.9812,92.282,24.0562,378.09,47.26,21.6223,70.28,12.8174,86.1988,92.6889,20.482,59.6474,46.6729,27.0656,89.0762,107.2823
2025-10-14,656.7886,595.8237,246.0476,457.5419,183.249,79.0588,589.3233,90.3086,58.5736,63.9121,76.7363,40.6803,51.9526,52.4258,38.6864,27.8497,52.78,97.8371,72.5734,94.4543,87.8686,80.8376,108.3854,81.3814,77.3491,77.0673,92.3391,24.0846,380.79,46.8,21.3804,69.0,12.6778,87.0832,93.6525,20.6873,59.9773,47.3075,26.9883,89.0762,107.3115
2025-10-15,659.7044,600.0283,248.4595,457.5419,183.7609,79.4891,589.8588,90.7437,58.9837,63.9995,77.9347,40.6416,52.8059,53.2193,39.0792,28.0603,53.76,97.7982,72.5249,94.3474,87.6751,80.7987,108.3854,81.4297,77.3588,77.3161,92.6819,24.1606,387.39,48.33,21.4578,68.99,12.7163,88.3467,94.9997,21.0097,60.3945,47.3769,26.9109,89.0859,107.3018
2025-10-16,655.2116,597.8064,243.2289,454.427,181.8608,79.0904,582.6109,91.2175,59.2376,64.4952,78.1839,40.6126,53.1492,53.3956,39.2658,27.9837,54.07,98.1477,72.7967,94.7847,88.3327,80.9058,108.6949,81.6323,77.4652,77.0386,92.3963,24.0941,396.45,49.17,21.4191,67.81,12.6971,88.0357,94.7145,20.9316,60.0258,46.8613,26.8046,89.0956,107.3212
2025-10-17,658.9308,601.7321,241.5912,456.7763,182.7666,79.4492,583.8503,91.3818,59.2865,64.4758,78.6154,40.69,53.1394,53.2683,39.2756,28.4335,54.45,98.0118,72.6996,94.6292,88.1974,80.896,108.4821,81.5165,77.4072,77.2396,92.5867,24.1416,388.99,46.99,21.3998,67.98,12.6971,88.6091,95.334,21.0879,60.2005,46.772,26.8336,89.1151,107.3699
2025-10-20,665.7841,609.3143,246.3057,461.9596,184.1252,80.5224,590.8799,92.136,59.804,64.8062,80.0918,40.777,53.8652,53.905,39.7567,28.9216,54.74,98.1768,72.7967,94.7555,88.5358,80.9058,108.8109,81.642,77.4749,77.3926,92.7866,24.1796,403.15,47.72,21.6126,67.83,12.8222,89.5033,96.337,21.2834,60.2878,47.5157,26.9013,89.1345,107.3796
2025-10-21,665.7741,609.155,245.1444,464.1357,184.3221,80.4875,592.9621,91.4592,59.2669,64.3689,79.1618,40.5836,53.2669,53.425,39.2167,28.6536,54.48,98.2739,72.8841,94.9304,88.971,80.9252,108.8302,81.6902,77.4749,77.2778,92.7105,24.1701,377.24,43.79,21.3901,68.27,12.6971,89.2506,95.9929,21.1759,59.6085,47.7735,27.0076,89.1345,107.3893
2025-10-22,662.3128,603.2864,241.5217,460.7329,183.7609,79.9027,586.2299,91.3238,59.2865,64.3494,78.7879,41.0188,53.2178,53.3956,39.0203,28.7398,55.29,98.2642,72.8841,94.9498,89.029,80.9252,108.9366,81.7095,77.4942,77.2013,92.6152,24.1226,377.28,43.88,21.7287,70.63,12.8896,89.6296,96.4157,21.2638,59.9287,46.782,26.9786,89.154,107.4088
2025-10-23,666.2403,608.3579,244.5787,462.2266,184.3024,80.5656,594.1916,91.7493,59.5892,64.7576,78.8263,41.2026,53.6886,53.7972,39.6781,29.1609,54.76,98.0895,72.7385,94.6389,88.4198,80.8668,108.8012,81.642,77.4265,77.3735,92.7866,24.1511,378.79,44.18,22.0963,73.29,13.0725,89.5713,96.3075,21.2345,59.9676,47.5256,26.9883,89.1637,107.4185
2025-10-24,671.6852,614.8541,247.5662,467.0933,185.218,81.3397,597.3445,91.8943,59.7845,64.8742,79.0947,41.3767,54.0417,54.0519,39.8156,29.1704,54.51,98.1865,72.8356,94.7264,88.4585,80.9155,108.9849,81.7964,77.5233,77.584,93.0628,24.2271,377.52,43.99,22.106,73.18,13.0917,89.8337,96.5337,21.2834,60.0452,47.9223,26.9883,89.1929,107.438
2025-10-27,679.6095,625.8042,248.4297,470.1993,185.8383,82.7784,599.6348,92.5325,60.2239,65.1852,80.0822,41.5701,54.64,54.5025,40.336,29.448,54.72,98.2545,72.8744,94.7264,88.7583,80.896,109.1686,81.8543,77.5136,77.7754,93.3294,24.2841,367.01,42.4,22.0576,73.12,13.0821,90.0864,96.8582,21.3615,60.2587,48.071,26.9593,89.1929,107.4672
2025-10-28,681.4146,630.6165,247.0997,471.9797,184.5879,83.408,594.37,92.4938,60.2142,64.952,80.4657,41.5121,54.6204,54.4731,40.12,29.5915,54.54,98.3128,72.9132,94.8138,88.9904,80.9058,109.1783,81.8447,77.5233,77.6988,93.2246,24.2746,364.38,42.7,21.8545,71.39,12.9377,88.3175,94.8227,20.9316,60.0355,47.8925,26.9399,89.2026,107.4769
2025-10-29,681.7419,633.4562,244.9955,471.2082,183.121,83.7719,590.5924,91.9717,59.8724,64.709,79.7946,41.425,54.9342,54.6298,40.228,29.8403,54.61,97.8468,72.554,94.2017,88.091,80.75,108.5595,81.449,77.3491,77.4596,92.9485,24.1986,363.0,43.23,21.9706,71.8,12.9955,86.0433,92.4233,20.4527,59.5697,48.1503,27.0947,89.2318,107.4672
2025-10-30,674.244,623.7716,243.0204,469.8629,182.7272,82.4561,584.3758,91.5656,59.599,64.3203,79.7754,41.3477,54.3654,54.0617,39.4229,29.7159,54.27,97.6623,72.4278,94.0656,87.5784,80.7597,107.9794,81.2174,77.3008,77.3161,92.7295,24.1796,370.13,44.34,21.9802,71.71,13.034,86.4515,92.8069,20.5407,59.4048,47.6248,27.201,89.2318,107.4769
2025-10-31,676.4556,626.7806,244.3901,470.5159,182.8847,82.8731,587.9352,91.3625,59.5501,64.0578,80.0055,41.2703,54.2379,53.8462,38.9908,29.8308,53.97,97.6041,72.4084,94.1045,87.3173,80.7889,107.5443,81.1112,77.3008,77.3161,92.7295,24.1606,368.12,44.01,22.135,72.56,13.0725,86.675,93.0822,20.6091,59.1913,47.8528,27.2784,89.2512,107.4964
2025-11-03,677.7252,629.7795,243.606,468.3396,182.0183,83.3698,587.6577,91.4012,59.6966,64.0093,80.1877,41.1349,54.5812,53.9638,39.1087,30.1657,54.24,97.4843,72.3246,94.0597,87.0989,80.7919,107.2551,80.9891,77.2784,77.0757,92.4643,24.1148,368.78,43.76,22.2995,72.74,13.2073,86.5486,92.9839,20.57,59.4533,47.714,27.2977,89.2639,107.5266
2025-11-04,669.6917,616.9963,239.3977,465.7975,181.467,81.9793,582.5911,90.4633,58.9056,63.4164,79.4111,40.7964,53.5807,53.2095,38.657,29.8403,54.02,97.533,72.3636,94.1767,87.2931,80.8212,107.4007,81.0473,77.3075,77.0853,92.4452,24.0957,362.32,42.74,22.1447,71.93,13.0917,86.6944,93.1903,20.5993,59.1622,47.2282,27.3847,89.2737,107.5364
2025-11-05,672.0125,621.0117,242.8517,467.9835,182.3432,82.0707,586.3984,91.0434,59.2767,63.9218,79.3824,41.2123,54.0613,53.6797,39.0497,30.7208,54.3,97.27,72.159,93.7283,86.3419,80.7626,107.0804,80.8535,77.2201,77.1622,92.5313,24.1243,366.51,43.65,22.077,71.03,13.0725,86.7722,93.1805,20.6384,59.5406,47.4959,27.3944,89.2834,107.5462
2025-11-06,664.8022,609.4439,238.554,464.195,182.1069,80.7118,581.0245,90.8404,59.0033,63.6496,79.5357,41.2219,53.6592,53.474,39.413,30.6634,53.62,97.6304,72.4415,94.2059,87.1184,80.8602,107.6433,81.1829,77.3464,77.1911,92.5792,24.1434,366.07,43.55,22.106,70.88,13.0917,86.3543,92.6889,20.5505,59.3271,47.2579,27.2494,89.2932,107.5657
2025-11-07,665.4567,607.5209,239.8046,464.7688,183.2785,80.4858,587.737,91.1788,59.1888,63.9509,79.8521,41.4637,53.5023,53.425,39.2167,30.9122,53.75,97.5914,72.4025,94.2449,86.9339,80.8993,107.4298,81.1442,77.3949,77.2584,92.6367,24.1434,368.31,43.92,22.1544,71.26,13.1206,87.6955,94.0753,20.8925,59.822,47.3571,27.23,89.3225,107.6047
2025-11-10,675.8407,620.9618,242.2065,468.6858,184.0858,82.3431,591.4849,92.136,59.9115,64.7771,80.226,42.015,54.4438,54.1401,40.0218,31.3142,54.15,97.5524,72.383,94.1182,86.9145,80.8798,107.488,81.1248,77.3464,77.5181,92.9526,24.2103,378.38,45.79,22.3962,71.68,13.265,87.6469,93.8983,20.8338,60.1131,47.7239,27.2494,89.342,107.6145
2025-11-11,677.3879,619.3079,242.415,474.2153,185.602,82.2169,591.4649,92.8129,60.2825,65.4574,80.2931,42.2181,54.5027,54.1988,40.0218,32.0511,54.74,97.8446,72.5876,94.4106,87.3125,80.9481,107.915,81.4348,77.4823,77.6046,93.1153,24.2485,379.87,46.45,22.5413,72.72,13.342,88.6285,95.0095,21.0586,60.511,47.5157,27.2107,89.3322,107.6145
2025-11-12,677.7648,618.8196,241.8195,477.529,186.4979,81.9793,593.5372,93.364,60.6732,65.9822,80.8588,42.0827,54.5125,54.189,40.1691,31.7927,54.56,97.8057,72.5584,94.4301,87.4677,80.9188,107.8082,81.3186,77.4435,77.4507,92.8951,24.1912,385.99,48.32,22.2898,69.79,13.1784,87.9676,94.2327,20.8827,60.6371,47.7735,27.2204,89.342,107.6242
2025-11-13,666.518,606.1859,235.0206,469.5959,184.6273,80.22,582.3829,92.3681,59.9603,65.5351,79.5837,41.6282,53.875,53.7091,39.9138,31.563,54.2,97.5135,72.3441,94.1571,86.7495,80.87,107.2745,81.0957,77.3464,77.1333,92.4835,24.1052,382.87,47.42,22.1737,69.85,13.1303,86.8888,93.0822,20.6579,60.0258,46.7125,27.143,89.3518,107.634
2025-11-14,666.4089,606.6441,235.7055,466.6877,184.2532,80.3264,581.1732,92.107,59.8822,64.884,80.5136,41.367,53.9044,53.7287,39.3934,31.7544,54.62,97.3966,72.2369,94.0012,86.2545,80.8993,106.9834,80.9601,77.3172,77.1526,92.5122,24.1052,375.96,45.96,22.2221,71.38,13.1495,87.0735,93.2985,20.7166,60.3363,46.5936,27.1817,89.3908,107.6633
2025-11-17,660.2003,601.463,231.0208,461.2671,182.1956,79.6236,570.4057,90.9081,59.1107,64.1064,79.066,41.0478,53.2669,53.1115,38.9515,31.3716,54.65,97.4161,72.2759,94.1084,86.4681,80.8895,107.0513,80.9601,77.3367,77.0276,92.3494,24.0861,371.65,45.47,22.1931,71.3,13.1303,86.3543,92.6692,20.57,60.0161,45.8895,27.2494,89.3908,107.6731
2025-11-18,654.6562,594.1398,231.7254,456.3015,182.1759,78.6235,572.2796,89.7284,58.5052,63.465,77.4457,40.806,53.0021,52.9352,38.7944,31.3046,54.61,97.4745,72.3343,94.2644,86.4389,80.9384,107.0999,81.057,77.3755,77.0468,92.3016,24.0766,374.35,46.1,22.3769,72.5,13.2458,86.7042,93.1019,20.6677,59.7444,45.7706,27.2784,89.4103,107.6926
2025-11-19,657.1853,597.6868,231.6857,456.7566,181.7525,79.1751,572.9737,89.4577,58.3099,63.222,77.3499,40.3611,52.8157,52.8177,38.4017,31.0941,54.83,97.4745,72.3051,94.1961,86.2642,80.9286,107.1096,81.0279,77.3949,77.0853,92.3782,24.0957,374.96,46.45,22.1544,70.88,13.111,86.0238,92.384,20.5114,59.5794,45.9094,27.4524,89.4103,107.7023
2025-11-20,647.1683,583.5385,227.398,453.1362,180.0591,77.5819,563.7924,88.2201,57.5189,62.3667,76.209,39.9839,52.0899,52.1908,37.8813,30.5294,54.72,97.5914,72.4123,94.4203,86.604,80.997,107.2551,81.1248,77.4338,77.0372,92.359,24.0766,374.85,45.78,21.9415,70.15,12.9859,85.6642,92.0694,20.443,59.1913,45.126,27.4718,89.4298,107.7121
2025-11-21,653.6149,587.9225,233.8395,458.1338,182.5401,78.067,577.3659,89.5834,58.3685,63.29,77.8388,40.6803,52.0801,51.985,38.0187,30.6538,54.21,97.8251,72.5876,94.7322,86.866,81.0946,107.6336,81.4155,77.5794,77.2969,92.6367,24.1434,374.27,45.3,21.7964,69.3,12.9185,87.054,93.4854,20.7264,59.5309,46.0581,27.4524,89.4493,107.7511
2025-11-24,663.2351,602.9576,238.1074,459.9859,182.4318,79.1369,582.8092,89.6608,58.6517,63.1345,78.3661,40.5449,52.6294,52.514,38.6373,30.8165,54.22,98.02,72.7142,94.8784,87.361,81.1044,108.0605,81.6189,77.6086,77.5084,92.9047,24.2007,380.2,46.63,21.9028,70.42,12.9666,87.2873,93.6132,20.7459,59.987,46.5836,27.4524,89.4493,107.7609
2025-11-25,669.4735,606.674,243.2983,466.6612,185.1097,80.5639,593.785,90.734,59.2083,64.2133,78.5387,41.1252,52.8157,52.7491,38.8828,31.1515,54.28,98.1758,72.8798,95.1221,87.5842,81.1532,108.3613,81.8321,77.7251,77.7777,93.2685,24.2771,380.08,46.67,21.7867,69.25,12.9088,88.094,94.4883,20.9022,60.3266,47.5752,27.3751,89.4689,107.7707
2025-11-26,674.0952,612.0344,245.4521,469.8008,186.301,81.1337,597.3743,91.7299,59.8431,64.8742,79.8234,41.5798,53.1982,53.0038,38.657,32.032,54.67,98.3316,72.9577,95.2001,87.9725,81.1435,108.7301,81.9871,77.7639,77.8547,93.4121,24.3058,383.12,48.4,22.0189,70.04,13.0821,88.4827,94.9112,21.0097,60.87,47.8925,27.2977,89.4786,107.7902
2025-11-28,677.7747,616.9963,246.8913,472.6037,187.5316,81.5424,600.3289,92.0393,60.1263,65.1075,79.5837,41.7345,53.2767,53.1899,38.8141,32.1659,54.71,98.1953,72.8409,95.0344,87.5551,81.1435,108.5457,81.9193,77.7445,77.8932,93.4887,24.3153,387.88,51.21,22.3092,71.07,13.2361,88.7743,95.2849,21.0781,61.1902,48.1305,27.2784,89.5079,107.8195
2025-12-01,674.6803,614.9238,243.7847,468.7807,186.2222,81.2135,597.0768,91.5849,59.8236,64.8645,79.1235,41.5218,53.2375,53.1409,38.9221,31.965,54.33,97.7712,72.5565,94.5241,86.4652,81.0739,107.9642,81.6392,77.648,77.7531,93.3328,24.2808,389.75,52.52,22.3672,71.06,13.2458,87.7538,94.1933,20.8534,60.7147,47.5554,27.2687,89.5187,107.841
2025-12-02,675.9301,619.7363,243.338,470.7021,185.9269,81.657,594.9154,91.8943,60.0189,65.1658,79.066,41.5991,53.2571,53.0234,38.7748,32.5679,53.88,97.8982,72.6249,94.6023,86.5041,81.1229,108.0324,81.6975,77.6968,77.898,93.4772,24.3192,387.24,53.13,22.2705,70.2,13.188,87.4428,93.8983,20.7948,60.511,47.5355,27.259,89.548,107.8606
2025-12-03,678.2706,621.2508,247.7647,474.8123,187.6399,81.7036,599.0499,92.3874,60.3411,65.6615,79.2002,42.0344,53.2963,52.9548,38.4999,32.7306,53.41,98.0839,72.7324,94.7978,86.7476,81.1719,108.2759,81.8726,77.765,77.9656,93.6216,24.348,386.88,53.07,22.3769,70.66,13.2458,87.6663,94.1737,20.8143,60.5886,48.1106,27.1237,89.5578,107.8802
2025-12-04,678.7665,620.6729,249.9383,474.4756,187.6203,81.7119,601.9847,92.6388,60.4974,65.506,80.1685,41.9957,53.2865,53.0724,38.5981,33.2283,53.76,97.8494,72.5956,94.5045,86.2801,81.1131,108.0811,81.717,77.6968,78.0236,93.6504,24.3576,387.13,51.76,22.4349,71.39,13.2843,87.4525,93.9377,20.7654,60.4819,48.3288,27.1817,89.5676,107.8802
2025-12-05,680.0558,623.2036,248.8962,475.4263,187.4135,82.0823,602.2128,92.6388,60.5853,65.5351,80.2452,41.8022,53.6886,53.2879,39.1676,31.1323,53.97,97.7419,72.5076,94.309,85.8807,81.0837,107.974,81.6392,77.6773,78.0236,93.6504,24.348,386.44,52.95,22.5704,71.92,13.3709,87.3553,93.8787,20.7361,60.1616,48.0611,27.1527,89.5872,107.9194
2025-12-08,678.0128,622.0081,248.9954,473.5644,186.5078,81.9245,599.1986,92.3487,60.4583,65.4768,79.7562,41.6668,53.5709,53.0919,38.7552,31.3429,53.08,97.5855,72.4001,94.1135,85.5983,81.0641,107.75,81.5224,77.6285,77.8303,93.4483,24.3288,385.42,52.71,22.2898,70.49,13.2073,86.6847,93.0724,20.6091,59.8608,48.0214,27.1913,89.597,107.9292
2025-12-09,677.4276,622.7752,249.5116,471.851,186.0056,81.9079,598.7624,92.2231,60.39,65.2241,79.8713,41.4734,53.4827,53.0038,38.1169,31.3333,53.27,97.4976,72.3513,93.9766,85.6859,81.0249,107.6136,81.4057,77.5603,77.7434,93.3135,24.3,387.4,55.17,22.2414,69.86,13.1688,86.3543,92.5905,20.4918,59.7153,47.6446,27.23,89.6166,107.9389
2025-12-10,681.9204,625.3259,252.906,476.7337,188.5949,81.9478,610.1348,93.248,61.0736,66.0697,80.4465,42.0344,54.0809,53.4446,38.382,31.362,53.36,97.8103,72.5663,94.2797,86.0171,81.1621,108.1104,81.7073,77.726,78.0043,93.6408,24.3672,389.05,56.07,22.3769,70.54,13.265,86.6653,92.9347,20.5926,59.7347,48.5965,27.085,89.6166,107.9683
2025-12-11,683.5072,623.3033,255.8736,483.1911,190.1505,81.9046,615.9548,93.7991,61.3275,66.5945,80.7437,42.2181,53.8259,53.327,38.4802,31.7353,53.57,97.8298,72.5663,94.2895,85.9002,81.1719,107.9545,81.7073,77.7455,77.9946,93.6312,24.3672,393.24,57.62,22.3575,69.25,13.2554,87.0443,93.3084,20.6419,60.346,49.3303,26.9883,89.6263,107.9879
2025-12-12,676.1581,611.3868,251.9532,480.7449,189.5204,80.6154,607.894,93.306,61.015,66.0988,80.5328,41.8603,53.1982,52.8373,38.3722,31.8884,53.14,97.5269,72.3415,94.0353,85.0723,81.1817,107.3019,81.396,77.6773,77.8497,93.4387,24.3288,395.44,56.1,22.1737,68.81,13.1206,86.9374,93.1805,20.6321,60.2005,48.656,27.027,89.6655,108.0173
2025-12-15,675.1365,608.318,250.0475,480.517,190.2391,80.2167,606.7339,93.8764,61.3665,66.6722,81.3669,42.3149,53.0413,52.6805,38.0384,32.1372,53.1,97.6246,72.4295,94.1135,85.1307,81.2307,107.4286,81.4933,77.7358,77.8883,93.5349,24.3384,395.8,58.11,22.0673,67.89,13.0629,87.2095,93.4952,20.7605,60.4236,48.6163,27.0076,89.6655,108.0369
2025-12-16,673.2919,609.5236,248.8644,477.3576,188.398,80.4127,602.9762,93.4413,60.9954,66.3981,80.4131,42.1266,52.706,52.3867,37.6771,31.1964,52.95,97.8103,72.5663,94.3774,85.5983,81.2698,107.6721,81.61,77.804,77.9366,93.5446,24.348,395.89,57.73,21.8448,66.17,12.9377,86.5681,92.7033,20.5827,59.9365,48.3486,26.9786,89.6753,108.0467
2025-12-17,665.8832,598.2248,246.2155,475.1985,188.0141,79.004,600.2496,92.6833,60.5657,65.9755,79.3091,42.3336,52.328,52.0438,37.5679,30.6041,52.97,97.781,72.5467,94.3579,85.5203,81.2796,107.5552,81.5808,77.804,77.84,93.4387,24.3192,399.29,60.26,22.106,67.98,13.0917,86.8888,93.13,20.6617,59.8773,47.476,27.0366,89.6851,108.0565
2025-12-18,670.9115,606.8932,247.6794,475.9018,187.9058,80.0622,602.8969,93.3429,61.0443,66.5357,79.5378,42.5209,52.9249,52.4846,37.9252,30.7719,53.28,98.0252,72.7007,94.6023,85.9294,81.3384,107.9642,81.8113,77.9028,78.0526,93.7009,24.3916,398.57,59.32,21.9512,67.19,13.0147,86.432,92.614,20.5432,60.0252,47.8925,27.056,89.6998,108.076
2025-12-19,676.9923,614.8043,249.7507,477.5733,188.339,81.1686,608.5529,93.9729,61.4117,66.9287,80.1446,42.9251,53.4422,53.047,38.3123,30.7719,54.15,97.8821,72.5928,94.3895,85.6087,81.3237,107.6866,81.6746,77.8539,78.0147,93.6718,24.3723,399.02,60.93,22.106,68.03,13.111,86.1016,92.3064,20.4444,59.9266,48.1503,27.143,89.7293,108.0927
2025-12-22,681.2099,617.7513,252.5292,479.8661,189.7897,81.5859,613.0505,94.2092,61.6997,67.0663,80.0252,43.1716,53.7307,53.3866,38.3421,30.5745,54.19,97.8429,72.5732,94.2914,85.4229,81.2844,107.667,81.655,77.8441,78.0827,93.7589,24.4013,408.23,62.47,22.39,69.73,13.27,86.5439,92.8919,20.5531,60.2816,48.6312,27.03,89.7293,108.1124
2025-12-23,684.3233,620.6445,251.0354,480.6303,189.9085,82.1546,611.2594,94.79,62.1068,67.4594,80.7015,43.3589,54.0292,53.6363,38.2429,31.2458,54.47,97.8429,72.5634,94.2522,85.5598,81.245,107.7746,81.655,77.8245,78.1409,93.8363,24.411,413.64,64.84,22.64,70.3,13.4,86.4851,92.8224,20.5234,60.893,48.7353,26.94,89.7293,108.1124
2025-12-24,686.7305,622.4602,251.6628,483.3896,190.8684,82.3292,612.155,94.9081,62.2459,67.5675,80.5623,43.4575,54.1386,53.6163,38.2627,31.147,54.01,98.0586,72.7399,94.4973,86.0781,81.2942,108.195,81.9284,77.9126,78.2865,94.0491,24.4592,411.93,65.22,22.63,70.2,13.42,87.0539,93.4972,20.6716,60.9522,48.8147,26.95,89.7588,108.1419
2025-12-26,686.6609,622.4203,250.3781,483.4095,190.7794,82.3276,612.2943,95.0656,62.375,67.8033,80.5324,43.6152,54.5166,53.9559,38.6399,31.3247,53.84,98.0782,72.7399,94.5856,85.7945,81.3532,108.1852,81.9968,78.0006,78.2477,94.0008,24.4399,416.74,71.12,22.7,68.48,13.45,87.152,93.5964,20.7012,60.9719,48.8444,26.97,89.7883,108.1812
2025-12-29,684.2139,619.4074,248.8445,480.9877,190.5913,81.9085,608.5329,94.7802,62.2856,67.4102,80.6518,43.3983,54.3774,53.5464,38.1833,31.0187,53.47,98.1958,72.8477,94.7229,86.1172,81.3925,108.3319,82.0847,78.0593,78.2768,94.0298,24.4399,398.6,66.01,22.49,69.61,13.34,87.3285,93.775,20.7506,60.8634,48.5569,26.98,89.7883,108.1812
2025-12-30,683.3784,617.9708,247.0022,479.9951,190.3736,81.7671,606.4433,94.9377,62.3551,67.6755,80.5424,43.5955,54.5962,53.7461,38.3818,31.6883,53.64,98.1566,72.8183,94.6249,85.9118,81.4121,108.2048,82.0163,78.0789,78.3545,94.1362,24.4592,398.89,68.98,22.64,69.74,13.42,87.5051,93.9834,20.7802,60.8634,48.2354,27.05,89.7981,108.191
2025-12-31,678.3152,612.8629,245.1399,476.9976,189.0079,81.1302,600.3038,94.534,62.0373,67.4102,80.3037,43.3589,54.4271,53.6962,38.0046,31.4704,54.05,97.9213,72.6222,94.311,85.2274,81.3826,107.7452,81.782,78.0006,78.2768,94.0491,24.4592,396.31,64.42,22.36,69.16,13.25,86.7891,93.1697,20.6321,60.5084,47.7063,27.03,89.8079,108.2205
2026-01-02,679.5586,611.6757,247.7491,480.0348,190.8091,80.8541,608.2941,95.5283,62.7623,68.2258,80.8905,43.8321,55.9492,54.8648,39.5232,31.8963,54.56,97.8919,72.5928,94.2325,85.1002,81.4219,107.7159,81.7722,78.03,78.3157,94.0782,24.4592,398.28,65.75,22.39,68.96,13.28,86.8185,93.2689,20.6518,61.0804,48.7645,27.11,89.8472,108.2401
2026-01-05,684.0845,616.5342,251.6827,486.1292,192.6299,81.2283,616.3044,96.621,63.5071,68.727,82.6808,44.1772,56.566,55.2244,39.6324,32.4808,54.29,98.0782,72.7301,94.517,85.5207,81.4514,108.019,81.948,78.1082,78.5195,94.3297,24.5269,408.76,69.08,22.81,70.22,13.53,87.0147,93.4079,20.6419,60.9719,49.3535,27.07,89.8472,108.2598
2026-01-06,688.153,621.9514,255.0188,490.9331,194.2529,81.5243,625.1705,96.7687,63.6958,68.9628,82.6211,44.4138,56.9838,55.524,39.6126,32.7978,54.08,98.0586,72.7301,94.4483,85.3447,81.4613,108.019,81.9675,78.1082,78.539,94.3684,24.5365,413.18,73.71,22.8,68.51,13.54,87.6522,94.0628,20.7802,60.8437,49.8825,27.16,89.8571,108.2598
2026-01-07,685.9348,622.55,254.4213,486.3177,192.0065,81.7339,620.6528,96.4044,63.4376,68.5992,82.4719,43.8617,56.556,55.1844,38.9873,32.3916,54.2,98.1566,72.8085,94.6249,85.8434,81.4514,108.0972,81.9773,78.0789,78.5195,94.3394,24.5172,409.23,70.96,22.59,67.79,13.41,86.7989,93.0605,20.6222,60.4789,48.8843,27.2,89.8767,108.2794
2026-01-08,685.8651,619.0084,257.1997,488.8686,193.5305,81.1784,622.9514,96.4143,63.4971,68.5403,82.4122,43.9701,56.5759,55.2443,39.1064,32.5699,53.72,97.9801,72.681,94.3404,85.4131,81.4219,107.7941,81.8113,78.0495,78.5778,94.4168,24.5462,411.49,69.71,22.88,70.54,13.56,87.5737,93.8544,20.8,60.824,49.2836,27.27,89.8767,108.2893
2026-01-09,690.401,625.1738,259.1516,491.3401,194.7775,81.6574,628.2651,97.2707,64.0831,69.0513,84.1528,44.1575,56.8445,55.3642,39.0567,32.7482,53.18,98.1958,72.8379,94.4483,85.9803,81.3925,108.1852,81.9382,78.03,78.636,94.5135,24.5655,414.47,72.38,22.9,70.78,13.56,87.7503,94.0132,20.8691,60.9423,50.0422,27.33,89.8964,108.3187
2026-01-12,691.4852,625.6926,260.4164,492.2136,194.8566,81.9068,629.2005,97.8614,64.4704,69.4443,84.8291,44.4532,57.6404,56.2232,40.3371,32.6195,53.4,98.1468,72.7693,94.3306,85.7261,81.3925,108.0581,81.8601,78.0104,78.6749,94.5039,24.5655,422.23,77.23,23.19,71.65,13.76,87.8679,94.162,20.8889,60.9916,50.3916,27.28,89.9062,108.3286
2026-01-13,690.1026,624.7648,260.267,488.283,194.5498,81.6923,630.5537,97.3003,64.1129,69.1987,83.9936,44.3448,57.2126,55.8936,39.95,32.3223,53.04,98.2351,72.8281,94.4483,85.8727,81.4121,108.2928,82.0261,78.0887,78.6749,94.5329,24.5655,421.63,78.6,23.37,73.48,13.86,88.3583,94.6979,20.9975,60.6465,50.6512,27.35,89.916,108.3286
2026-01-14,686.7106,618.0905,262.0994,487.9257,195.6285,80.6762,631.1807,97.7531,64.4207,69.3952,84.5805,44.6405,57.4514,56.0134,39.7416,32.8473,53.25,98.3821,72.9752,94.6445,86.3714,81.4318,108.5666,82.1237,78.118,78.6749,94.5619,24.5559,425.94,84.56,23.39,72.61,13.88,89.1233,95.6108,21.2049,60.9621,50.6013,27.33,89.9259,108.3384
2026-01-15,688.5807,620.3153,264.4098,490.8041,196.351,80.7527,638.6138,97.7137,64.5101,69.2576,84.9584,44.4532,57.7896,56.2731,39.7019,33.0454,53.22,98.2546,72.8673,94.4483,86.3519,81.3728,108.4297,81.9968,78.0691,78.6749,94.5619,24.5655,423.33,83.32,23.2,71.13,13.77,89.7412,96.2856,21.3234,60.9916,51.32,27.43,89.9259,108.3482
2026-01-16,688.0037,619.7965,264.6587,489.9294,196.3114,80.6696,636.6933,97.9795,64.6888,69.4148,85.0181,44.542,57.5708,55.9335,39.0071,32.8572,52.85,98.088,72.7497,94.0854,85.8532,81.3532,108.1168,81.8113,78.03,78.7234,94.6393,24.5848,421.29,81.02,23.16,71.65,13.73,90.8397,97.5558,21.5901,61.3762,51.4797,27.43,89.9652,108.3777
2026-01-20,673.9982,606.6276,261.4919,481.4498,193.6987,78.5875,628.0561,96.493,63.8249,68.3732,83.2676,44.0687,57.0137,55.4741,38.5803,33.303,51.73,97.7154,72.4849,93.7127,84.7287,81.363,107.4617,81.5183,78.0202,78.5195,94.4168,24.5462,437.23,85.39,23.48,71.86,13.93,89.1528,95.6704,21.2345,61.2579,50.4316,27.21,89.9652,108.3875
2026-01-21,681.7769,614.8282,266.6803,487.3279,196.4004,79.3325,639.2805,97.4873,64.5597,69.1004,84.3219,44.5222,57.9587,56.0434,39.0468,34.6898,51.55,98.039,72.6908,93.9579,85.374,81.4023,108.107,81.8406,78.0887,78.7525,94.678,24.5848,443.6,83.96,23.75,73.34,14.08,89.5059,95.9085,21.274,61.603,51.5596,27.27,89.975,108.4072
2026-01-22,685.338,619.2977,268.672,490.1974,196.7171,79.9877,639.4397,97.8712,64.9073,69.3952,84.4014,44.4335,58.3965,56.4829,39.1858,35.611,51.8,98.0586,72.7203,93.9481,85.7456,81.3728,108.3124,81.8601,78.0789,78.8108,94.7361,24.6041,451.79,87.13,23.74,71.82,14.09,88.6231,95.0254,21.0173,61.9876,51.5795,27.15,89.9848,108.4072
2026-01-23,685.5865,621.2531,263.7126,487.457,195.5394,80.4052,633.0116,98.4127,65.3244,69.8767,84.103,44.9265,58.7646,56.7026,39.1461,36.2449,51.24,98.1468,72.7987,94.105,85.9803,81.4023,108.3808,81.9187,78.118,78.772,94.6877,24.5848,458.0,92.91,24.18,73.95,14.34,88.7997,95.3032,21.0666,62.1651,51.0105,26.91,90.0143,108.4366
2026-01-26,689.0681,623.9866,262.8861,490.5648,196.2025,80.9506,632.6932,98.9049,65.6223,70.4466,84.1727,45.1828,58.864,56.8624,39.156,36.2648,51.44,98.2939,72.8869,94.2423,86.391,81.4318,108.4688,81.9968,78.1474,78.8108,94.7361,24.6041,464.7,98.34,24.29,73.48,14.42,88.682,95.204,21.0173,62.5201,51.0305,26.78,90.0143,108.4464
2026-01-27,691.8135,629.6432,263.633,486.5931,196.153,81.4695,632.6335,100.4996,66.6949,71.5767,85.3761,45.8433,60.028,57.5716,39.6423,37.5327,51.69,98.2252,72.8281,94.1345,85.8532,81.4514,108.3515,81.987,78.1865,78.8011,94.7264,24.5945,476.1,101.59,24.62,75.66,14.62,88.6526,95.2933,21.0271,63.5358,51.0804,26.47,90.0241,108.4661
2026-01-28,691.7438,631.7283,262.2089,486.6627,196.2322,81.4246,631.1906,99.4365,66.2579,70.6333,84.7495,45.587,60.4359,57.7913,40.1982,37.9685,51.49,98.186,72.7987,94.056,85.6576,81.4514,108.195,81.9382,78.1865,78.6749,94.5716,24.5752,494.56,105.6,24.94,76.62,14.82,87.7404,94.3506,20.8,63.4569,50.8109,26.63,90.034,108.4661
2026-01-29,690.3712,627.9472,262.2786,486.7421,197.5187,80.6762,630.0264,100.1059,66.6055,71.0952,85.6248,45.7842,60.1275,57.5716,40.4761,37.7605,51.61,98.186,72.8085,94.1541,85.6772,81.4809,108.2243,81.987,78.2452,78.6652,94.5813,24.5559,495.9,105.57,25.3,79.14,15.02,88.9664,95.5314,21.116,63.8908,51.1104,26.59,90.0536,108.4759
2026-01-30,688.3121,620.405,258.574,485.5704,197.677,80.0809,624.4739,99.1707,65.7415,70.4859,85.2568,45.5081,58.7944,56.403,39.3148,36.6907,51.74,98.1664,72.7791,94.0952,85.198,81.5497,108.1168,81.9773,78.3137,78.7525,94.6393,24.5655,444.95,75.44,24.43,79.52,14.52,89.0547,95.4719,21.1457,63.5161,50.6612,26.85,90.0733,108.5054
2026-02-02,691.7339,624.665,261.0935,490.535,199.3594,80.2921,629.5687,99.8204,65.9997,71.1148,85.4259,45.8828,58.9735,56.7126,38.8781,37.0968,53.28,98.0533,72.7053,93.9102,84.9546,81.5102,108.0167,81.8792,78.2518,78.8003,94.7561,24.5752,427.13,72.44,23.54,75.33,13.97,88.1328,94.4994,20.9679,63.0724,51.35,26.99,90.0871,108.5271
2026-02-03,685.885,615.0677,261.691,488.8272,200.3688,78.7339,630.7527,99.8696,66.2579,70.7906,86.2116,45.8137,59.2918,56.6826,38.4314,37.6813,53.15,98.0631,72.725,93.9988,85.1607,81.5004,108.0658,81.8988,78.242,78.7516,94.6685,24.5655,454.29,76.96,24.15,77.47,14.33,87.9366,94.2712,21.037,63.9599,52.2983,26.92,90.0871,108.5369
2026-02-04,682.5627,604.323,259.4404,491.25,201.4871,77.7228,635.1709,100.1945,66.3373,70.9871,87.0172,46.3856,58.496,56.343,37.9848,36.6313,53.44,98.0041,72.6955,93.9791,84.9448,81.5398,107.9283,81.8694,78.2715,78.654,94.4934,24.5267,453.97,79.18,24.19,77.88,14.36,89.2018,95.6208,21.3728,63.8021,52.9272,27.01,90.1068,108.5369
2026-02-05,674.038,595.6236,254.7699,485.4513,200.349,76.3109,631.8076,98.7671,65.4436,69.8767,85.6347,45.2912,58.2273,55.9735,37.9153,36.5619,52.95,98.4271,73.0103,94.5301,85.8675,81.668,108.4485,82.1929,78.4384,78.5662,94.4447,24.5072,441.88,66.69,23.76,76.69,14.12,89.0743,95.4024,21.3728,64.019,52.7475,27.09,90.1068,108.5665
2026-02-06,686.9692,608.2139,263.9218,497.4855,204.2481,77.9256,652.087,101.0115,66.9034,71.2622,88.9169,46.2377,59.7594,57.192,38.9277,37.2058,53.28,98.4861,73.0201,94.5301,85.9264,81.668,108.5074,82.2224,78.4286,78.8394,94.7755,24.5849,455.46,70.19,24.01,76.99,14.26,90.4768,96.9108,21.6987,64.8178,54.5943,27.01,90.1364,108.5862
2026-02-09,690.2817,612.8729,265.7741,497.6742,203.882,78.7239,652.4352,102.37,67.8965,71.9501,90.7967,46.356,60.1971,57.6814,39.1064,38.0577,53.44,98.5156,73.0398,94.5498,85.9067,81.6877,108.5074,82.2518,78.4384,78.9467,94.9118,24.6044,467.03,76.04,24.25,78.02,14.4,90.8593,97.3077,21.758,65.5081,54.7939,26.79,90.1364,108.6059
2026-02-10,688.4613,610.0295,265.0571,498.3494,203.694,78.3431,652.1268,102.6161,68.0653,71.7634,92.5969,46.0799,60.2866,57.9411,39.2354,37.9586,53.74,98.8008,73.2562,94.9631,86.8981,81.7369,108.7626,82.3792,78.4973,78.8686,94.8631,24.5849,462.4,73.41,24.14,78.03,14.34,92.0755,98.558,22.074,65.6757,55.1633,26.8,90.1462,108.6059
2026-02-11,688.3022,611.6657,263.8521,497.7834,204.6836,77.9988,650.485,103.3053,68.5718,72.0385,93.4622,46.7602,61.2417,58.4405,39.1758,38.7907,53.53,98.5746,73.1086,94.6974,86.4368,81.6581,108.6448,82.3106,78.4384,78.8589,94.8534,24.5947,467.63,76.56,24.37,78.89,14.49,91.5655,98.171,22.1827,66.5139,55.5426,26.83,90.1659,108.6158
2026-02-12,677.6687,599.2251,258.4645,491.1705,202.4866,76.5221,641.3204,102.5276,68.0256,71.3802,92.8654,46.3461,60.5453,57.6914,38.3719,38.127,53.11,99.0172,73.4431,95.278,87.5852,81.7369,109.1552,82.5655,78.5268,78.8199,94.7464,24.5655,451.39,67.73,23.8,76.38,14.16,91.4576,98.1115,22.2222,66.4548,54.5344,26.82,90.1659,108.6256
2026-02-13,678.1461,600.502,261.8703,491.7762,203.9908,76.1612,647.45,102.6161,68.2838,71.4588,93.3428,46.5827,60.804,57.6814,38.0443,37.7011,52.89,99.332,73.6595,95.6519,88.0662,81.8651,109.5183,82.8302,78.6544,78.8784,94.8534,24.5849,462.62,69.72,23.88,76.22,14.17,92.7718,99.4511,22.5284,67.4014,55.0235,26.82,90.2054,108.6749
2026-02-17,679.2403,599.8835,261.95,492.3422,203.7137,76.419,648.5446,102.5965,68.105,71.9599,91.3735,46.7503,60.5552,57.7214,38.2329,37.3841,53.27,99.3418,73.6497,95.642,88.2134,81.8355,109.6262,82.8694,78.6446,78.8394,94.7658,24.5655,448.2,66.37,23.59,75.73,14.03,93.6545,100.4335,22.7753,67.6677,54.6841,26.91,90.2152,108.6848
2026-02-18,682.6621,604.363,262.896,493.484,204.3966,76.9096,651.4005,102.7146,68.3334,72.1565,90.8862,47.2038,60.8736,57.8812,38.4314,37.6714,53.32,99.2041,73.571,95.4452,87.8797,81.7862,109.5183,82.8008,78.6151,78.9369,94.902,24.5849,458.28,70.09,24.21,79.4,14.41,92.5561,99.2428,22.3901,67.0366,54.6941,27.08,90.2251,108.6848
2026-02-19,680.8616,602.0483,263.5035,490.8826,203.9809,76.7,651.2711,102.4291,68.3136,71.842,90.7072,47.0067,60.7244,57.5216,38.3223,38.2459,52.3,99.2238,73.6005,95.5338,87.968,81.7862,109.6066,82.8596,78.6446,78.9662,94.9215,24.5947,459.56,71.01,24.43,81.19,14.53,92.3599,99.0641,22.3605,66.9971,55.1932,27.12,90.2251,108.7045
2026-02-20,685.7856,607.3758,263.5135,493.1821,204.733,77.3353,655.3608,103.2659,69.0385,72.5495,90.9757,47.3616,62.0176,58.4605,38.5208,38.9987,53.42,99.2434,73.5906,95.5338,87.7619,81.7961,109.5183,82.8792,78.6446,79.0247,94.9896,24.6044,468.62,76.62,24.6,80.85,14.64,93.0563,99.7687,22.5382,67.6085,55.5426,27.09,90.2546,108.7242
2026-02-23,678.7828,599.9932,259.4105,485.1592,203.1101,76.3774,643.9275,102.8426,68.7009,72.2449,90.8961,47.2137,61.3312,57.9911,38.3917,38.4044,52.61,99.4402,73.748,95.8782,88.0858,81.8651,109.636,83.0459,78.7428,78.8979,94.8728,24.5655,481.28,80.57,24.75,80.9,14.71,93.0661,99.7389,22.5975,67.7268,54.764,27.09,90.2546,108.734
2026-02-24,683.7165,606.438,262.2388,488.9171,204.0205,77.1524,649.9974,103.0296,68.9789,72.4218,90.737,47.3024,62.2962,58.6103,38.084,39.0978,52.67,99.4303,73.7087,95.8585,88.2429,81.8651,109.6066,82.9674,78.7035,78.8394,94.7658,24.5558,474.61,79.08,24.72,80.76,14.7,93.3015,99.987,22.6271,67.9241,55.5526,27.11,90.2744,108.7439
2026-02-25,689.4859,615.2273,263.4836,491.9294,204.5054,78.2133,652.4054,104.014,69.7734,73.0605,91.9405,47.9728,62.9826,58.9399,38.1337,39.2167,52.74,99.3811,73.689,95.7798,88.2527,81.8454,109.5772,82.9282,78.6839,78.9467,94.9312,24.5849,473.42,80.04,24.75,79.73,14.71,93.0465,99.6,22.5679,68.1805,54.9736,27.08,90.2842,108.7538
2026-02-26,685.6562,607.8048,264.8878,491.9692,204.7825,77.4051,654.8931,103.9254,69.823,72.9426,91.9802,47.9235,62.3857,58.2008,37.1113,38.7313,52.58,99.5385,73.7972,96.0356,88.606,81.8749,109.6459,83.0165,78.7232,78.8784,94.8534,24.5849,477.48,80.45,24.76,79.77,14.72,93.684,100.2748,22.6963,68.2889,55.2331,27.1,90.2941,108.7636
2026-02-27,682.3637,605.8594,260.3268,486.7996,205.1091,76.6418,649.5994,103.7384,69.7535,72.6183,91.8708,47.9925,62.2564,58.031,37.0022,38.3648,52.27,99.7352,73.9448,96.4194,89.1459,81.9833,109.6066,83.0557,78.7526,78.7516,94.6296,24.5267,483.75,84.99,25.1,81.95,14.92,93.8507,100.503,22.7456,68.4073,54.9936,27.08,90.3138,108.7932
2026-03-02,682.7517,606.6575,262.7168,486.3224,204.6638,76.8697,655.112,101.6908,68.532,71.1836,89.7126,47.4404,61.182,57.1721,36.625,38.2756,50.95,99.3366,73.6468,95.8401,88.2507,81.8381,109.2353,82.7831,78.6147,78.7065,94.5856,24.5306,490.0,81.57,25.81,87.19,15.36,94.0861,100.761,22.8444,68.0325,55.2731,27.33,90.3266,108.807
2026-03-03,676.7337,600.1628,258.1657,482.6838,202.1501,76.389,643.818,98.5308,66.1487,68.9039,86.3608,46.0996,58.1179,55.1644,35.7913,36.4728,50.22,99.2281,73.5679,95.7316,88.0734,81.8282,109.1861,82.7438,78.5753,78.5496,94.3703,24.4719,468.14,74.68,25.91,90.2,15.42,93.5859,100.1855,22.7061,66.8295,54.165,27.46,90.3365,108.8169
2026-03-04,681.5082,609.3112,260.6753,484.8908,202.8627,77.164,643.7484,99.8007,66.9133,69.7883,88.1113,46.5729,58.7447,55.514,35.9401,37.1365,50.27,99.1886,73.5185,95.5342,87.7977,81.7788,109.2846,82.7339,78.5753,78.8241,94.703,24.5501,471.8,75.34,26.14,91.56,15.56,93.7036,100.2847,22.7456,67.2042,54.185,27.41,90.3464,108.8169
2026-03-05,677.7085,607.4756,255.696,477.0369,200.2303,77.2139,634.8326,97.6153,65.3343,68.3143,85.4259,45.587,57.332,54.7849,35.3148,36.0171,50.37,98.9025,73.3508,95.2381,87.4431,81.7195,108.8513,82.488,78.4866,78.5104,94.2921,24.4719,466.13,74.27,26.52,96.31,15.8,92.762,99.4114,22.5086,66.366,52.9322,27.48,90.3563,108.8367
2026-03-06,668.8257,598.3372,249.8503,472.4539,197.9541,76.1778,620.006,96.749,64.8279,67.7935,84.3119,45.3701,57.0236,54.4053,35.5531,35.9379,49.99,98.7841,73.2521,95.1789,87.1181,81.759,108.4869,82.2814,78.4275,78.128,93.8323,24.3938,473.51,75.94,27.51,108.77,16.38,91.7518,98.2603,22.2815,66.1688,51.4897,27.47,90.3761,108.8663
2026-03-09,674.6846,606.3283,252.569,475.0884,198.3896,77.179,626.1357,97.4479,65.4535,68.1079,85.1772,45.6363,58.1478,55.0646,36.2081,36.7501,49.98,99.0998,73.4593,95.475,87.8764,81.7985,109.1368,82.5864,78.5162,78.5986,94.341,24.4817,472.53,78.26,27.14,104.33,16.19,91.9578,98.4687,22.3111,66.2082,52.1086,27.46,90.386,108.8762
2026-03-10,673.6003,606.3383,252.3101,474.9095,197.8453,77.0426,623.3495,97.6744,65.5131,68.157,85.9928,45.7546,58.3766,55.4441,36.3173,37.1761,49.93,98.7742,73.2324,95.1691,86.9409,81.7491,108.3884,82.2518,78.4373,78.4712,94.2236,24.4817,477.86,80.09,27.6,105.86,16.44,91.8205,98.3596,22.321,66.011,51.9789,27.45,90.3958,108.8861
2026-03-11,672.7548,606.2584,251.8022,472.0363,197.3208,77.0808,621.4489,97.4676,65.4039,68.0391,85.2667,45.656,58.5258,55.494,36.1287,37.2553,49.27,98.3302,72.9068,94.7349,85.8181,81.6701,107.5021,81.8386,78.2797,78.2947,94.0279,24.4329,476.24,77.91,28.13,108.05,16.76,90.8691,97.2581,22.0938,65.9025,51.889,27.55,90.3958,108.896
2026-03-12,662.5391,595.853,246.3848,464.7491,194.9556,75.7155,608.7519,95.9418,64.1228,67.0958,83.735,45.2321,56.6555,54.2455,35.8905,35.7794,48.52,97.9652,72.6404,94.4289,85.6507,81.5317,106.921,81.3565,77.994,77.7947,93.4018,24.3059,466.88,76.48,28.86,118.39,17.21,90.2414,96.5734,21.9457,65.6658,50.4116,27.68,90.4156,108.896
2026-03-13,658.789,592.3214,245.5681,463.6854,195.2228,74.8691,607.9956,94.7998,63.378,66.2212,82.9095,44.6898,56.5063,53.9559,35.9699,35.1553,48.06,97.8862,72.5713,94.3303,85.2272,81.5811,106.5271,81.1302,77.9151,77.6476,93.1865,24.2863,460.84,72.69,28.71,119.89,17.13,90.3886,96.752,21.9654,65.5771,50.0822,27.89,90.4453,108.9355
2026-03-16,665.4934,598.9657,247.8885,467.5527,196.7072,75.7621,612.364,96.5718,64.7385,67.312,84.6103,45.4588,58.0781,54.9547,36.6052,36.1855,48.56,98.271,72.8476,94.7546,85.8871,81.68,107.0392,81.4549,78.0235,77.8927,93.5779,24.3547,460.43,73.22,28.31,115.03,16.9,91.1437,97.4962,22.1531,66.3167,50.5913,27.73,90.4453,108.9454
2026-03-17,667.244,601.8888,249.4568,468.1491,197.2614,75.9351,617.9363,96.8376,64.957,67.6068,84.6202,45.6461,58.4462,55.1944,36.6151,36.3638,48.52,98.4684,72.9956,94.9224,86.1234,81.6898,107.6399,81.8386,78.1713,78.2457,93.9496,24.4426,459.27,71.66,28.76,118.84,17.17,91.5459,97.8893,22.2123,66.5041,50.7809,27.68,90.4551,108.9552
2026-03-18,657.9335,593.4987,245.4363,460.2953,194.7082,74.8375,612.1948,95.1838,63.8348,66.2605,83.6953,44.7391,57.2624,54.1456,35.9302,35.9181,47.72,98.054,72.6996,94.4882,85.6409,81.5416,107.0589,81.3762,77.9743,77.8437,93.5094,24.3547,444.74,68.7,29.27,121.67,17.46,90.1924,96.3668,21.8765,65.6363,50.2219,27.85,90.4749,108.9552
2026-03-19,656.3122,591.623,247.0425,458.3666,194.4311,74.5964,613.7172,95.0164,63.7156,66.1229,83.6256,44.4729,57.3221,53.9459,35.9203,36.1558,47.52,98.1625,72.7785,94.4783,86.1628,81.5218,107.5316,81.5927,78.0629,78.0986,93.7148,24.4036,426.41,65.68,28.84,117.36,17.22,89.8295,95.9986,21.8074,65.9617,49.9025,27.58,90.4749,108.9552
2026-03-20,646.9034,580.6888,241.6454,454.2061,192.5013,73.2211,599.9774,92.1321,61.7152,64.0692,80.7612,43.2307,55.3523,52.4976,34.898,34.7294,46.59,97.3436,72.1963,93.6296,84.528,81.3439,106.212,80.8252,77.7476,77.3731,92.893,24.2277,413.38,61.52,28.94,121.43,17.33,87.0441,92.9934,21.0864,64.3938,48.9342,27.68,90.5046,108.9849
2026-03-23,653.6959,587.3546,246.8629,460.2636,193.8571,74.2189,611.1497,94.347,63.3267,65.6218,83.0985,43.9307,57.0137,53.7361,35.1163,36.5025,47.63,97.7086,72.4726,93.9257,85.0795,81.4625,106.9112,81.2188,77.9447,77.8829,93.4311,24.3645,404.04,62.47,27.75,110.56,16.59,87.7208,93.6501,21.2444,65.0249,50.1121,27.56,90.5144,109.0047
2026-03-24,651.5016,583.3389,248.1898,459.4666,194.916,73.3608,616.2569,93.7859,62.8193,65.3368,82.83,43.773,56.2277,53.2467,35.0766,36.3242,46.39,97.4422,72.2852,93.6099,84.7053,81.3439,106.6945,81.0614,77.8265,77.6182,93.167,24.2961,404.13,62.95,28.24,114.54,16.88,87.1419,93.0332,21.116,65.4292,50.8808,27.65,90.5243,109.0145
2026-03-25,655.1322,587.1747,251.2226,462.4256,195.579,73.8779,621.454,95.1542,63.635,66.2802,84.292,44.5025,57.1231,54.2755,35.7317,37.186,47.42,97.7876,72.5614,94.1033,85.5227,81.4329,107.0786,81.2876,77.9151,77.8633,93.48,24.3743,416.29,65.21,28.17,113.39,16.83,87.0725,93.0332,21.1111,65.9321,51.2451,27.7,90.5144,109.0244
2026-03-26,643.4324,573.1601,246.853,457.6134,194.2332,71.9605,612.2469,93.1854,62.1528,64.9438,82.263,43.5955,55.1832,52.7873,34.6697,36.453,46.61,97.235,72.1372,93.3434,84.8038,81.255,106.2415,80.6875,77.6491,77.3731,92.893,24.2375,400.64,60.77,28.44,117.26,17.02,86.9536,92.8839,21.0912,65.4588,50.0622,27.81,90.5342,109.0244
2026-03-27,632.4606,561.9625,242.5233,449.7227,192.4012,70.317,602.3016,92.3388,61.7251,64.3443,80.99,43.4969,54.9146,52.4277,34.5903,36.2846,45.82,97.2252,72.1372,93.3533,84.3409,81.423,105.9855,80.5989,77.7279,77.177,92.6093,24.1789,414.7,63.44,29.1,124.2,17.4,86.2399,92.1575,20.9522,65.4588,49.6929,27.84,90.5639,109.0639
2026-03-30,630.3461,557.6672,239.0415,450.3902,192.0827,69.9241,597.5435,92.6046,61.7052,64.6981,81.0795,43.8124,54.4669,52.3578,34.7392,36.4233,45.42,97.7185,72.5022,94.0145,85.4636,81.5317,106.665,80.9728,77.8757,77.2653,92.7072,24.2179,414.58,63.52,29.26,129.83,17.5,86.567,92.6053,21.0217,65.5475,49.1039,27.98,90.5737,109.0837
2026-03-31,648.6689,576.5464,247.4116,461.4791,195.2372,72.7177,615.2295,95.6169,63.7445,66.7617,83.9837,44.9166,56.4963,53.9858,35.6325,38.028,46.84,97.9454,72.6601,94.1822,85.375,81.6009,107.3346,81.4155,78.1023,78.0006,93.6464,24.4036,430.29,68.14,28.95,127.25,17.32,87.925,94.0979,21.3394,66.0702,50.7211,27.78,90.5737,109.0936
2026-04-01,653.5563,583.6686,248.9679,463.7607,195.7049,73.5118,620.247,97.0739,64.7989,67.7345,86.0127,45.6954,56.9341,54.1456,35.295,38.0082,46.71,98.0118,72.6898,94.1001,85.2909,81.5979,107.4494,81.5282,78.1686,78.1917,93.9169,24.4537,437.82,68.14,28.68,124.09,17.1,88.2422,94.4164,21.4288,66.2871,51.5995,27.73,90.5975,109.1075
2026-04-02,654.1448,584.3378,250.6938,463.3422,196.0233,73.5901,620.8555,96.4734,64.3015,67.4102,84.8291,45.5771,56.2974,53.7561,35.295,37.9883,46.65,98.2395,72.8482,94.3179,85.815,81.6376,107.9042,81.7455,78.2279,78.3789,94.1628,24.5028,429.41,65.79,29.33,137.92,17.52,89.4417,95.7797,21.7565,66.7407,51.2102,27.86,90.6174,109.1471
2026-04-06,657.2368,587.854,251.7613,465.0459,196.8691,73.9314,623.6486,96.9557,64.779,67.7836,85.1076,45.7645,56.8147,53.9459,35.2851,38.1766,47.25,98.0613,72.7393,94.0704,85.6765,81.5583,107.7361,81.6072,78.1587,78.5168,94.3497,24.5323,427.65,66.09,29.48,138.94,17.55,89.5705,95.8991,21.7664,66.7111,51.34,27.83,90.6372,109.157
2026-04-07,657.526,587.9439,252.31,464.1591,196.6104,74.0729,624.3369,96.8179,64.7492,67.6461,85.0479,45.6659,57.0137,54.0258,35.2156,38.0973,47.36,98.1801,72.8482,94.308,85.6667,81.6177,107.8548,81.7653,78.2576,78.5365,94.3596,24.5323,431.81,65.94,29.37,138.08,17.52,89.6994,95.9887,21.8062,66.7506,51.3949,27.75,90.6471,109.1669
2026-04-08,674.2729,605.4247,259.8521,477.3901,200.9888,76.0656,642.0827,100.5981,67.4649,70.3189,88.9268,47.1447,60.1275,56.4329,36.0791,39.1869,49.27,98.4375,72.9868,94.5159,85.9435,81.697,108.2701,82.032,78.3664,78.9995,94.9105,24.6699,434.53,67.47,28.56,124.58,17.01,91.3152,97.7102,22.1835,67.7959,53.7957,27.53,90.6471,109.1769
2026-04-09,678.1628,609.5202,261.3385,480.12,201.9541,76.5018,643.559,100.3618,67.1963,70.201,87.7433,46.9672,59.9683,56.373,36.0195,40.1577,49.07,98.4969,73.0165,94.4862,85.726,81.7169,108.2701,82.0814,78.4059,79.0882,94.999,24.6896,437.91,68.39,28.71,126.96,17.12,91.9694,98.4167,22.392,68.072,54.4894,27.48,90.657,109.1967
2026-04-10,677.7141,610.3992,260.6801,477.4798,200.3221,76.7699,641.5041,100.5882,67.3853,70.4172,87.6537,46.9968,60.2469,56.6826,35.9798,40.9403,49.34,98.3286,72.9076,94.3278,85.5183,81.6871,107.9833,81.953,78.3268,78.7729,94.6744,24.6011,437.13,69.08,28.5,124.82,16.97,92.1676,98.5361,22.4615,67.6578,54.5543,27.44,90.6867,109.2264
2026-04-13,684.337,616.7123,264.4411,480.3491,201.6157,77.807,648.4768,101.2084,67.8528,70.9183,87.8726,47.1841,60.7542,57.1121,36.1883,41.1285,49.35,98.5266,73.066,94.5357,85.7754,81.7466,108.3987,82.2,78.4455,79.0685,95.0088,24.6797,435.36,68.28,28.96,128.47,17.27,92.5146,98.964,22.5112,67.0464,54.9237,27.38,90.6867,109.2264
2026-04-14,692.6755,627.9099,268.0825,483.6967,201.964,79.3653,651.7686,102.0255,68.5293,71.4588,88.9268,47.3911,61.9182,57.9112,36.6151,41.3365,49.7,98.784,73.2442,94.8427,86.2303,81.8061,108.7546,82.4272,78.5345,79.3049,95.2941,24.7387,445.09,72.04,28.84,123.85,17.18,93.3968,99.9293,22.7296,66.9675,54.9037,27.32,90.6967,109.2462
2026-04-15,698.1414,636.7003,268.7509,482.9296,201.0485,80.8537,649.7836,101.7006,68.3403,71.1345,88.5887,47.125,61.8784,58.021,36.6052,41.069,49.98,98.6256,73.1452,94.6347,85.8545,81.7863,108.7151,82.3581,78.5246,79.2655,95.2351,24.7289,440.46,71.84,28.89,122.59,17.23,93.4662,99.9791,22.7197,66.5829,53.9654,27.29,90.7066,109.2462
2026-04-16,699.857,639.7669,269.3096,483.8362,201.5859,80.9935,651.0903,101.4053,68.2706,70.9085,88.9268,47.1644,62.1271,58.1409,36.9525,41.0789,50.0,98.487,73.0363,94.4664,85.3107,81.7565,108.2108,82.1308,78.4455,79.1572,95.1367,24.7092,440.08,71.24,29.11,125.84,17.35,94.3286,100.8647,22.9183,66.435,53.7358,27.37,90.7165,109.2562
2026-04-17,708.3152,648.1377,275.1257,492.6035,203.2377,82.2288,663.7787,102.6949,69.2654,71.9796,89.7026,47.5686,63.3109,59.1097,37.3198,40.7719,51.28,98.8533,73.3234,94.9813,86.0918,81.9151,108.814,82.4766,78.6433,79.4527,95.5007,24.7977,445.93,73.63,28.29,116.04,16.84,95.8353,102.4768,23.2659,66.6224,54.9636,27.36,90.7462,109.3057
2026-04-20,706.8988,646.08,276.692,492.7131,203.2477,82.0057,667.9185,102.2913,68.967,71.7437,88.8473,47.3221,62.8533,58.8401,37.3793,40.9105,50.53,98.8434,73.2739,94.8922,86.0721,81.8755,108.8041,82.4964,78.6235,79.3837,95.4122,24.7977,442.09,72.15,28.67,121.32,17.1,96.1823,102.7256,23.3155,66.4054,55.3729,27.32,90.7561,109.3057
2026-04-21,702.2708,643.6227,273.8588,489.7528,201.974,81.4097,663.9683,100.0468,67.4649,70.1911,86.6691,46.2771,61.9281,58.1309,36.8334,40.4053,49.8,98.4771,73.0462,94.4763,85.5974,81.7565,108.3888,82.2198,78.495,79.1768,95.1761,24.7486,429.57,68.49,29.21,128.25,17.4,94.4773,100.9543,22.9282,65.6757,55.1433,27.47,90.766,109.3156
2026-04-22,709.3825,654.3909,275.8241,493.1417,201.8745,82.928,661.4446,100.3815,67.9921,70.3385,87.2858,46.4841,63.0523,58.6902,36.6945,40.2072,49.98,98.6157,73.1254,94.5753,85.7655,81.7962,108.5964,82.3087,78.5444,79.3049,95.3335,24.778,435.26,70.37,29.51,129.4,17.59,93.6942,100.1383,22.6701,65.942,55.0335,27.48,90.766,109.3354
2026-04-23,706.6296,650.7049,274.8663,491.3874,203.0984,81.9491,661.3647,99.6629,67.3356,69.9062,86.5995,46.1391,62.0276,57.8512,36.2181,39.7119,49.41,98.4573,72.9967,94.4268,85.5777,81.7565,108.2998,82.1407,78.4653,79.1768,95.1662,24.7486,431.04,68.38,29.89,134.72,17.84,94.6557,101.1632,22.9878,66.4153,56.2514,27.53,90.7859,109.3454
2026-04-24,712.1055,663.1512,275.9937,490.6,202.5312,83.1578,662.821,100.1846,67.7832,70.3385,86.8481,46.3264,63.4104,58.9499,36.5853,39.5634,49.58,98.5959,73.1254,94.6149,85.7359,81.8457,108.3789,82.2494,78.584,79.2852,95.3138,24.778,433.25,68.79,29.86,132.4,17.79,94.4674,100.9145,22.9382,66.8098,56.0018,27.48,90.8057,109.3751
2026-04-27,713.3323,663.5009,276.4825,490.2213,202.4616,83.3975,663.1503,99.8007,67.7136,69.975,87.2062,45.9518,63.3109,58.6603,36.1784,39.5138,49.38,98.4474,73.0066,94.3971,85.3107,81.8259,108.0723,82.0814,78.5048,79.3148,95.3335,24.7879,429.89,68.33,30.09,134.72,17.95,93.9519,100.3373,22.819,66.366,56.1715,27.45,90.8156,109.385
2026-04-28,709.8612,656.8282,273.2602,489.8126,202.5014,82.6783,656.5068,99.3872,67.3754,69.6114,87.0868,45.8926,62.6643,58.2508,35.9798,39.3157,49.23,98.4078,72.9868,94.308,85.3997,81.7763,108.1218,82.032,78.4851,79.2064,95.2253,24.7486,421.91,66.2,30.34,139.6,18.07,94.8143,101.2429,23.0474,66.6027,55.6324,27.53,90.8255,109.3949
2026-04-29,709.7515,660.8438,271.4345,487.0716,202.5909,82.5884,651.6988,98.3733,66.7288,68.8056,86.3409,45.3405,62.3658,58.0111,36.0692,38.2855,49.03,97.9722,72.6601,93.8624,84.7372,81.6673,107.5186,81.6566,78.2972,78.9404,94.9301,24.6994,417.41,64.84,31.08,150.63,18.5,94.0709,100.407,22.8984,65.6165,55.0335,27.61,90.8255,109.3949
2026-04-30,716.8133,667.007,277.3105,495.0255,205.7653,83.0779,662.5219,100.7261,68.4398,70.4466,88.6185,46.4841,63.6591,58.86,36.5158,39.3256,49.42,98.1108,72.769,94.0407,84.6581,81.7565,107.6372,81.8542,78.3961,79.1867,95.2548,24.778,423.66,66.66,31.1,147.09,18.53,95.4884,102.1285,23.2559,67.5789,56.6906,27.36,90.8354,109.4147
2026-05-01,718.7982,673.41,278.6174,493.4008,204.9393,83.7671,662.7014,100.5095,68.3602,70.4073,87.8228,46.356,63.7984,58.92,36.5357,39.0582,49.12,98.2399,72.8703,94.1122,84.9608,81.7694,107.811,81.9098,78.3971,79.2847,95.3507,24.781,423.18,68.29,30.81,142.8,18.37,95.2207,101.8598,23.2261,67.1943,56.5908,27.41,90.8652,109.4426
2026-05-04,716.165,672.1414,277.2208,487.9587,203.6457,83.6273,658.6814,99.1313,67.5544,69.1495,87.6438,45.7645,63.7685,58.6603,36.2776,38.6718,48.63,97.932,72.622,93.7645,84.3157,81.67,107.4635,81.7015,78.3474,79.0273,95.054,24.7118,414.71,65.94,31.33,147.61,18.68,94.626,101.1334,23.0772,66.6125,56.0916,27.48,90.8851,109.4625
2026-05-05,721.9102,680.8618,281.8896,491.3476,205.5066,84.2166,667.1703,100.4504,68.6188,70.1125,88.7776,45.794,65.0618,59.2895,36.2181,39.3355,49.16,98.1108,72.7511,93.9036,84.7822,81.7098,107.8606,81.8403,78.3772,79.1461,95.1727,24.7513,418.27,65.91,31.2,144.17,18.59,94.9233,101.4419,23.1467,67.0563,57.2696,27.5,90.8951,109.4625
2026-05-06,731.9443,695.0062,286.1196,497.4176,206.9196,85.8048,679.2103,103.1773,70.4989,72.0975,91.1846,46.77,67.141,60.6779,37.2106,39.5237,50.03,98.528,73.0591,94.3705,85.4272,81.8192,108.3967,82.1974,78.5261,79.3838,95.4892,24.8008,430.96,70.13,30.21,133.95,18.03,96.2417,102.7753,23.4545,67.007,58.2479,27.35,90.8851,109.4823
2026-05-07,729.7001,694.1771,281.5904,494.2879,204.8996,85.9547,670.7015,101.2872,69.3052,70.5351,90.4983,45.6166,66.2457,60.1385,36.9128,38.4341,49.82,98.2896,72.8703,94.0824,85.0005,81.7496,107.9499,81.9296,78.4467,79.0867,95.1529,24.7316,431.68,71.6,30.25,134.97,18.05,95.5478,102.0588,23.2758,66.1688,56.7106,27.41,90.905,109.4923
2026-05-08,735.7246,710.4492,283.4958,494.5072,206.024,86.7438,673.5644,102.3405,70.4591,71.105,91.7216,46.0405,67.5887,60.4681,36.9625,38.7511,49.84,98.518,73.0591,94.3307,85.4272,81.8192,108.4066,82.2172,78.5459,79.364,95.4694,24.8008,433.77,73.01,30.3,133.59,18.07,95.7758,102.2678,23.3652,66.0504,56.6906,27.34,90.9249,109.532
2026-05-11,737.4003,712.507,284.653,495.484,207.2281,86.7138,671.9584,102.1239,70.4492,70.9969,91.7614,45.9912,67.5389,60.3183,37.1908,38.2954,48.42,98.2598,72.8803,94.0128,84.9112,81.7396,108.1386,82.0387,78.4963,79.2055,95.2716,24.7415,434.65,78.0,31.06,138.66,18.55,95.8452,102.3375,23.385,66.4843,56.9402,27.35,90.9448,109.532
2026-05-12,736.2831,706.4636,281.8996,496.2615,207.4868,86.4641,667.3897,101.5333,69.6036,70.3484,91.5625,45.9419,65.4797,59.3195,37.0518,37.8794,47.52,97.9717,72.6617,93.695,84.3455,81.68,107.7712,81.8205,78.3871,79.0966,95.1331,24.7118,432.93,78.55,31.69,144.3,18.91,95.8452,102.3474,23.4148,66.435,56.4211,27.45,90.9547,109.542
2026-05-13,740.4025,713.9255,281.9994,495.5139,207.3475,87.4131,665.7638,102.2125,70.2602,70.7906,92.5869,46.2377,66.8625,59.8688,37.9749,36.4332,47.98,98.0114,72.6915,93.695,84.157,81.7098,107.8308,81.8899,78.4368,79.1362,95.1331,24.7415,430.5,79.35,31.37,142.04,18.7,95.0522,101.5115,23.2559,66.1589,56.3711,27.51,90.9547,109.542
2026-05-14,746.2475,718.9998,283.7752,499.1619,207.9843,88.392,668.5269,101.8483,70.1905,70.653,91.5625,45.9715,67.0316,59.8888,36.9625,36.7799,48.36,97.9816,72.6717,93.6354,84.276,81.68,107.7613,81.7907,78.3871,79.0768,95.0737,24.7316,427.21,75.51,31.15,143.0,18.6,94.4872,100.8349,23.1666,66.3857,56.7305,27.62,90.9746,109.5519
2026-05-15,737.2706,708.1518,276.9414,494.0219,205.6558,87.3332,657.6539,100.1354,68.7183,69.2674,90.5779,44.9265,64.7335,58.3706,35.9302,35.8883,47.99,97.3658,72.2545,92.8903,83.0256,81.5806,107.0763,81.3345,78.2085,78.6906,94.6781,24.6327,417.29,69.04,31.19,148.23,18.61,93.0895,99.3123,22.8091,65.1333,55.313,27.77,90.9945,109.5917
2026-05-18,736.752,705.1051,275.3153,495.6575,206.3623,86.9935,656.7462,101.0608,69.156,70.2894,90.4287,45.9715,64.634,58.4106,35.8905,36.3935,47.84,97.3559,72.2048,92.8506,82.9263,81.6203,106.8778,81.2353,78.1886,78.7698,94.7276,24.6525,418.43,69.94,31.38,149.29,18.72,94.1799,100.4169,23.0871,65.7152,54.6242,27.7,90.9945,109.6016
2026-05-19,731.8446,700.7599,272.3523,492.6357,206.0638,86.1944,650.5018,100.3323,68.6288,69.8865,89.8021,45.6363,63.9277,57.8013,36.0096,35.5516,47.27,96.9784,71.9664,92.493,82.3904,81.5607,106.3417,80.8782,78.0794,78.5816,94.5001,24.613,411.5,66.9,31.61,152.96,18.84,94.4475,100.7652,23.1765,65.8138,53.6759,27.79,91.0144,109.6116
2026-05-20,739.3453,712.3672,279.206,498.8787,207.3574,87.3032,662.7812,102.0058,69.8324,71.1247,90.7171,46.3954,65.1215,58.6004,35.9699,36.4034,48.02,97.5644,72.3637,93.1188,83.2737,81.67,107.1657,81.4237,78.2978,79.0867,95.0737,24.7217,417.4,68.73,30.88,144.27,18.42,95.647,101.9096,23.4545,66.2674,54.3946,27.73,91.0342,109.6315
2026-05-21,740.8115,713.7256,281.8198,501.7409,207.9943,87.3831,663.5992,102.5669,70.3199,71.7044,90.8762,46.6715,65.6886,58.6303,35.6225,36.661,48.03,97.6836,72.4432,93.1784,83.5813,81.6601,107.3841,81.4733,78.3176,79.1263,95.1529,24.7316,416.99,69.45,30.7,142.54,18.31,95.8254,102.0588,23.4843,66.5534,54.4445,27.73,91.0342,109.6414
2026-05-22,743.724,716.7523,284.4436,504.7427,209.8651,87.443,668.9858,102.3602,70.0911,71.4588,91.1149,46.425,65.5393,58.91,35.2553,36.027,48.39,97.783,72.5127,93.2579,84.0378,81.6402,107.5826,81.5527,78.2879,79.1362,95.2023,24.7513,413.82,68.36,30.54,140.92,18.2,95.9245,102.2181,23.524,66.4646,54.8438,27.77,91.0541,109.6613
2026-05-26,748.6613,729.4784,289.8208,503.8751,211.089,88.1023,679.3799,103.4923,71.4042,72.2351,92.398,46.7503,68.0463,60.1585,35.4836,36.1459,48.55,98.0611,72.7213,93.6552,84.4547,81.7297,107.9897,81.8701,78.4566,79.4036,95.509,24.8107,414.0,69.72,30.03,137.0,17.91,96.3706,102.6161,23.673,66.7111,56.2114,27.75,91.074,109.6712
2026-05-27,748.5316,728.6493,289.6811,505.5006,210.8303,88.1123,676.8762,103.1379,71.0361,72.1663,91.7913,46.563,68.0364,60.2184,35.0568,35.7695,48.55,98.1406,72.7909,93.695,84.6532,81.7396,108.1386,81.9296,78.4864,79.3541,95.4694,24.8008,408.49,67.5,29.49,131.03,17.6,96.0732,102.2877,23.5836,66.2082,56.6207,27.75,91.084,109.6911
2026-05-28,752.6609,734.7925,291.3372,505.6701,210.6014,89.1212,677.5645,103.0591,71.2848,71.8911,92.1991,46.3363,68.2552,59.8289,34.7292,35.7695,48.69,98.3392,72.9299,93.9135,85.0898,81.7794,108.4662,82.0685,78.5459,79.4531,95.5683,24.8205,412.77,68.36,29.72,130.78,17.72,95.7065,101.8101,23.5042,65.8631,56.3512,27.7,91.0939,109.701
2026-05-29,754.5361,737.4995,289.741,509.39,210.8104,89.5007,678.921,103.1674,71.3942,71.842,92.4576,46.2673,68.2453,59.8089,34.7888,35.5714,48.56,98.3988,72.9697,94.0228,85.1097,81.8192,108.5654,82.1776,78.6055,79.5323,95.7167,24.8502,417.12,68.33,29.48,129.09,17.62,94.8639,100.9344,23.2857,65.6757,56.2114,27.66,91.1237,109.7309
2026-06-01,756.5908,741.9247,288.2944,510.0482,210.3825,90.19,678.3325,102.813,71.4937,71.4883,92.4278,46.0306,69.7176,60.3483,35.0766,35.3336,47.99,98.35,72.9368,93.8603,85.1555,81.7723,108.5485,82.1188,78.5726,79.4716,95.6401,24.8333,411.26,67.67,29.99,135.5,17.87,93.2679,99.1133,22.8488,64.8178,55.882,27.76,91.1327,109.7418
2026-06-02,757.6182,745.3409,290.968,512.6511,212.2234,89.9403,684.4473,103.384,71.9413,71.9403,93.0743,46.2673,70.4339,61.1174,36.089,35.4426,48.03,98.3799,72.9567,93.9301,85.3348,81.7723,108.5385,82.1088,78.5627,79.5313,95.6799,24.8333,411.95,67.99,30.12,137.27,17.98,93.6942,99.5014,22.9084,65.7546,56.7904,27.76,91.1227,109.7618
2026-06-03,752.3019,743.3931,286.9875,506.8769,212.2533,88.8315,683.7989,102.498,71.2947,71.0362,93.4324,45.7645,69.5584,60.2584,35.2751,34.3133,47.36,98.1706,72.8172,93.6909,84.9961,81.7324,108.2396,81.9296,78.5029,79.3123,95.471,24.8035,407.87,66.21,30.29,140.86,18.05,93.5851,99.5114,22.9183,65.3799,57.1897,27.86,91.1427,109.7618
2026-06-04,755.1446,739.797,291.3172,515.2939,213.8852,89.0612,686.2728,103.3151,71.4638,71.8518,93.6213,46.218,68.7427,60.2384,35.2057,34.452,48.02,98.3301,72.9168,93.8105,85.1854,81.7922,108.4688,82.0391,78.5527,79.4616,95.6202,24.8234,411.27,66.98,29.88,136.74,17.85,95.2604,101.2926,23.3056,65.7941,57.5092,27.84,91.1427,109.7717
2026-06-05,735.6548,704.286,280.9818,508.313,210.9796,85.8348,672.916,100.667,68.8078,70.3287,90.2298,45.725,64.256,57.9611,34.491,33.6893,47.34,97.8417,72.5879,93.3121,84.747,81.6227,107.7912,81.581,78.3235,79.0635,95.2025,24.7438,396.24,61.57,29.23,133.02,17.46,95.9444,102.0389,23.5141,65.2615,56.5808,28.02,91.1825,109.8017
2026-06-08,737.3204,715.2839,283.4359,507.5251,211.5169,86.1145,674.5719,101.2773,69.4942,70.6726,91.4531,45.7743,65.41,58.2608,34.4215,33.3723,47.21,97.8417,72.568,93.2124,84.3086,81.6626,107.6815,81.571,78.3435,79.173,95.2721,24.7538,397.27,61.58,29.47,135.15,17.62,94.6359,100.5861,23.1963,64.7882,56.4111,28.03,91.1925,109.8116
2026-06-09,735.1561,707.053,284.3438,508.0237,212.6414,85.2754,679.9884,101.297,69.4743,71.0068,90.4585,45.6264,65.4797,58.3806,34.4315,33.6001,47.54,98.041,72.7275,93.4716,84.8068,81.7025,108.0303,81.7503,78.4331,79.2526,95.3915,24.7935,390.78,59.01,29.07,131.3,17.38,96.8167,102.9843,23.7425,65.0742,57.0699,28.01,91.1925,109.8216
2026-06-10,723.5659,692.9285,281.3808,498.8887,210.5019,83.5473,670.1729,99.9877,68.4497,70.1224,88.8075,45.1631,64.3257,57.6515,34.491,33.4614,47.3,97.9812,72.6677,93.3819,84.5677,81.7025,107.7812,81.6407,78.4132,79.1033,95.2025,24.7339,374.58,57.66,29.17,134.3,17.43,96.8266,103.0142,23.7624,65.1333,55.2032,28.05,91.2025,109.8316
2026-06-11,735.8643,716.3328,289.721,507.9738,214.0246,85.0257,687.1406,103.0985,70.9366,72.4021,91.6819,46.2377,67.151,59.0298,34.6498,34.4817,47.79,98.5493,73.0863,94.0298,85.6636,81.8521,108.698,82.1786,78.6424,79.5711,95.7495,24.8631,386.32,60.82,28.85,128.83,17.24,96.7572,102.9445,23.7624,65.9222,57.0799,27.95,91.2125,109.8515
2026-06-12,739.844,720.5482,292.255,511.6638,216.0247,85.1755,692.0184,103.384,71.1754,72.579,92.209,46.494,67.529,59.4793,35.027,34.769,48.33,98.4297,72.9966,93.8703,85.4544,81.8321,108.6282,82.1188,78.6224,79.5711,95.7694,24.8532,386.54,61.29,28.55,125.43,17.06,97.6493,103.86,24.0007,66.366,57.6589,27.95,91.2424,109.8814
2026-06-15,752.8904,743.1833,294.64,517.0292,217.1691,87.5729,694.6818,104.08,72.011,72.68,94.06,46.21,69.75,60.7678,35.11,34.64,49.26,98.5194,73.0564,93.97,85.4046,81.872,108.6083,82.1686,78.6723,79.6707,95.9186,24.9029,396.55,63.47,28.22,121.21,16.89,96.9653,103.08,23.812,66.65,58.0682,27.97,91.2424,109.8914
2026-06-16,748.402,729.0588,292.08,520.021,216.9601,86.6939,692.597,104.31,71.9413,72.68,94.12,46.51,68.64,60.0886,34.56,34.41,49.41,98.639,73.166,94.2092,85.8728,81.8919,108.7378,82.2582,78.7121,79.6607,95.8987,24.8929,397.63,63.39,27.9,115.47,16.67,97.2032,103.34,23.8418,66.73,58.3976,27.93,91.2523,109.9113
2026-06-17,739.056,721.7169,289.88,514.895,215.0296,85.5152,684.168,103.78,71.623,72.25,94.45,45.92,68.56,59.739,33.65,34.11,49.06,98.2802,72.8969,93.7108,86.0123,81.6427,108.3891,81.8897,78.4232,79.3621,95.5307,24.8333,388.6,60.61,27.71,114.23,16.54,94.7747,100.62,23.2361,65.98,57.8785,28.18,91.2623,109.8814
2026-06-18,746.74,739.807,295.59,515.52,215.4376,86.8837,691.0,104.41,72.31,72.4,96.26,45.46,70.79,60.77,33.3,33.73,49.58,98.5693,73.0962,94.0497,86.4308,81.7523,108.688,82.1487,78.5627,79.6408,95.8589,24.8929,387.12,59.51,27.63,114.87,16.5,94.7251,100.45,23.2162,66.36,58.4575,28.3,91.3022,109.9413
2026-06-22,744.39,737.95,298.18,517.08,217.577,85.8048,693.83,104.58,72.39,72.37,96.97,45.69,71.21,61.24,33.43,34.27,49.92,98.3002,72.8969,93.6909,85.7732,81.6726,108.399,81.9594,78.4829,79.5711,95.7694,24.883,384.59,58.91,27.41,112.69,16.36,95.7461,101.61,23.5042,66.38,59.1363,28.36,91.3022,109.9313
2026-06-23,733.58,713.65,295.32,516.62,216.363,83.9869,686.82,102.46,70.17,71.45,92.75,45.57,67.17,59.36,32.83,34.15,49.07,98.3799,72.9766,93.8105,85.8828,81.7324,108.5286,82.0391,78.5627,79.5015,95.7197,24.8631,377.32,55.73,27.12,111.26,16.18,97.005,102.99,23.812,66.36,57.7088,28.45,91.3122,109.9512
2026-06-24,733.24,710.62,296.69,518.52,216.5222,83.7371,691.05,102.26,70.28,71.35,92.61,45.45,67.25,58.97,32.36,33.85,49.63,98.8583,73.3055,94.4185,87.0585,81.8321,109.0268,82.3578,78.6922,79.4816,95.66,24.8432,365.92,51.78,26.45,106.29,15.78,97.01,102.85,23.83,66.6,58.3078,28.53,91.3221,109.9612
2026-06-25,734.3,716.38,298.91,519.26,219.408,82.958,697.38,103.15,71.16,72.17,93.39,45.88,67.96,58.8,31.68,34.18,49.43,98.9181,73.3554,94.4783,87.0286,81.8521,109.1165,82.4574,78.742,79.5114,95.7495,24.8631,369.46,52.36,26.93,109.31,16.11,97.19,103.1,23.89,67.32,59.885,28.48,91.3321,109.9811
2026-06-26,728.99,706.52,299.83,517.75,218.39,82.76,695.29,102.54,70.56,71.76,92.8,45.76,67.19,58.58,31.59,34.67,49.56,99.0078,73.4251,94.7175,87.0385,81.9518,109.1165,82.577,78.8317,79.4616,95.6898,24.8631,373.63,53.28,26.57,105.48,15.87,98.67,104.64,24.22,67.42,58.737,28.46,91.362,110.0111
2026-06-29,741.0,724.08,298.97,521.68,218.63,84.85,697.92,103.45,70.92,72.38,93.21,46.15,67.43,59.18,31.71,34.55,49.18,99.0377,73.465,94.7474,87.1282,81.9318,109.3158,82.6268,78.8516,79.6408,95.8688,24.8929,368.58,52.68,26.56,107.08,15.84,98.15,104.09,24.11,67.37,58.6,28.37,91.372,110.021
2026-06-30,746.77,736.4,300.45,522.39,217.93,86.14,703.34,103.88,71.25,72.85,93.27,46.14,68.41,59.69,31.59,34.5,49.39,98.649,73.166,94.259,86.102,81.872,108.688,82.318,78.742,79.601,95.839,24.883,368.38,53.47,26.66,106.44,15.88,96.43,102.25,23.68,66.6,58.92,28.41,91.372,110.031
2026-07-01,745.76,725.17,299.32,522.4,217.38,86.17,697.07,103.02,70.36,72.17,93.05,45.94,66.48,59.22,31.97,34.18,49.21,98.5,73.06,94.03,85.52,81.84,108.46,82.19,78.69,79.59,95.88,24.91,370.6,53.58,26.45,103.27,15.78,96.82,102.71,23.78,65.79,57.68,28.49,91.4,110.04
2026-07-02,744.78,712.6,297.58,527.88,219.17,85.5,693.7,104.37,70.81,73.6,93.14,47.16,65.7,59.04,31.91,34.43,49.56,98.61,73.11,94.12,85.51,81.94,108.64,82.34,78.79,79.71,95.99,24.93,378.13,55.02,26.57,103.98,15.87,98.02,104.01,24.07,66.87,57.15,28.34,91.44,110.09
2026-07-06,751.28,722.82,298.9,530.09,219.44,86.68,696.66,105.46,71.89,73.9,95.27,47.22,67.57,60.07,32.49,34.92,49.88,98.66,73.14,94.18,85.45,81.98,108.67,82.39,78.85,79.87,96.15,24.97,382.13,56.11,27.0,104.35,16.1,97.24,103.23,23.87,67.03,57.83,28.32,91.43,110.11
2026-07-07,747.71,709.43,296.19,528.45,219.57,85.88,688.12,104.16,70.78,73.26,93.07,47.13,65.72,58.88,32.49,34.64,49.33,98.21,72.85,93.7,84.55,81.86,107.88,81.95,78.67,79.76,96.05,24.95,377.49,54.46,27.35,108.92,16.32,98.4,104.51,24.15,67.17,56.44,28.4,91.45,110.1
2026-07-08,745.4,711.44,293.48,522.77,217.64,85.99,681.47,103.36,70.34,72.47,92.54,46.49,66.23,59.17,33.44,34.41,48.65,98.04,72.7,93.51,84.36,81.84,107.67,81.82,78.61,79.66,95.9,24.9,374.45,52.83,27.8,112.21,16.62,96.8,102.79,23.78,66.99,56.04,28.36,91.45,110.12
2026-07-09,751.71,723.28,297.24,524.19,218.56,86.98,690.22,103.92,70.73,72.69,93.52,46.41,66.78,59.49,33.41,34.96,49.02,98.18,72.83,93.71,84.49,81.91,107.71,81.92,78.69,79.75,96.0,24.93,378.18,54.14,27.58,109.01,16.42,97.09,103.0,23.8,66.75,56.42,28.36,91.46,110.14
2026-07-10,754.95,725.51,295.99,525.78,219.2,87.4,689.82,104.33,70.99,72.78,94.55,46.6,66.9,59.89,33.48,35.93,49.3,98.08,72.77,93.63,84.47,81.88,107.46,81.81,78.61,79.71,95.93,24.91,377.01,53.95,27.52,108.7,16.44,97.32,103.32,23.89,66.91,56.69,28.39,91.5,110.17
